1.57684E+12,0.448913,10.964247,3.248932,0.557654,-0.043633,0.036184,10.495,-43.178001,-29.985001,0.584543,0.09903,0.100858,Updown,4
1.57684E+12,0.482432,10.296265,3.515885,0.833288,-0.069175,0.078753,10.495,-43.327999,-29.235001,0.591609,0.099462,0.103009,Updown,4
1.57684E+12,0.424971,10.250774,3.384204,0.979087,-0.084074,0.078753,10.945,-44.377998,-28.785999,0.595528,0.099202,0.105268,Updown,4
1.57684E+12,0.454898,10.43034,3.1795,1.052519,-0.097909,0.060661,10.795,-44.377998,-28.336,0.600651,0.100351,0.106603,Updown,4
1.57684E+12,0.531513,10.388441,3.112462,1.207896,-0.121322,0.02022,10.195,-44.528,-28.035999,0.607067,0.10168,0.107595,Updown,4
1.57684E+12,0.446519,10.171765,3.047819,1.329217,-0.144735,0.001064,10.645,-45.577,-26.987,0.613474,0.102058,0.108713,Updown,4
1.57684E+12,0.379481,10.149021,2.661155,1.451603,-0.161762,-0.009578,10.495,-46.626999,-25.636999,0.619904,0.103139,0.109009,Updown,4
1.57684E+12,0.417788,10.149021,2.567781,1.554833,-0.168148,0.028734,10.795,-47.375999,-25.636999,0.628282,0.105024,0.108523,Updown,4
1.57684E+12,0.451307,10.30225,2.152387,1.660191,-0.169212,0.012771,10.795,-48.125999,-25.337,0.635746,0.106179,0.108435,Updown,4
1.57684E+12,0.435745,10.280702,2.189497,1.703825,-0.170276,0.011706,10.495,-48.276001,-23.688,0.646362,0.107839,0.107995,Updown,4
1.57684E+12,0.355539,9.93474,2.181118,1.73788,-0.153248,-0.003193,10.045,-49.325001,-22.639,0.653671,0.108915,0.107689,Updown,4
1.57684E+12,0.332794,9.178172,1.590947,1.648485,-0.1309,-0.011706,10.045,-50.375,-21.589001,0.660665,0.110009,0.10732,Updown,4
1.57684E+12,0.33878,9.289502,1.11091,1.467566,-0.104294,0.025541,9.745,-51.273998,-20.84,0.667464,0.111242,0.106831,Updown,4
1.57684E+12,0.311246,8.953117,0.574608,1.270685,-0.07556,0.022349,10.195,-51.574001,-20.24,0.675433,0.112453,0.106644,Updown,4
1.57684E+12,0.292093,9.01776,0.094571,1.025913,-0.043633,0.036184,9.745,-52.023998,-19.49,0.68398,0.114287,0.106265,Updown,4
1.57684E+12,0.385466,9.075221,-0.44173,0.917362,-0.025541,0.035119,10.345,-52.023998,-18.891001,0.692217,0.115921,0.106273,Updown,4
1.57684E+12,0.424971,9.023746,-0.565032,0.741765,-0.009578,0.046826,10.045,-52.324001,-18.291,0.702022,0.117058,0.106931,Updown,4
1.57684E+12,0.492008,9.514558,-0.725443,0.586388,0.00745,0.080881,9.745,-52.473999,-17.541,0.710172,0.118575,0.107737,Updown,4
1.57684E+12,0.562637,9.773131,-0.984017,0.477837,0.021285,0.040441,9.895,-53.223,-17.691,0.717473,0.119163,0.109637,Updown,4
1.57684E+12,0.605733,9.674969,-1.167173,0.400149,0.02767,0.023413,10.195,-53.073002,-17.391001,0.723217,0.11977,0.111409,Updown,4
1.57684E+12,0.617704,9.809044,-1.223437,0.349066,0.026606,0.057468,10.195,-53.373001,-17.691,0.72906,0.120685,0.113304,Updown,4
1.57684E+12,0.61531,9.946711,-1.302446,0.306497,0.028734,0.046826,9.895,-53.673,-17.240999,0.733849,0.121433,0.115397,Updown,4
1.57684E+12,0.633266,9.968259,-1.303643,0.284148,0.030863,0.02767,10.345,-53.373001,-17.091,0.737705,0.122038,0.117429,Updown,4
1.57684E+12,0.622492,9.878476,-1.268927,0.244772,0.031927,-0.001064,9.895,-53.673,-16.792,0.740587,0.123027,0.119103,Updown,4
1.57684E+12,0.634463,9.684546,-1.325191,0.201139,0.036184,-0.005321,10.195,-53.522999,-16.492001,0.742655,0.124159,0.120722,Updown,4
1.57684E+12,0.641646,9.712079,-1.375469,0.148992,0.039376,0.019156,10.045,-53.673,-15.892,0.744478,0.125252,0.122428,Updown,4
1.57684E+12,0.657208,9.788693,-1.351527,0.092588,0.034055,0.014899,10.195,-53.673,-15.442,0.746035,0.126439,0.124206,Updown,4
1.57684E+12,0.663194,9.653421,-1.385046,0.021285,0.031927,-0.008514,10.195,-53.823002,-16.341999,0.746828,0.127691,0.125994,Updown,4
1.57684E+12,0.677559,9.583989,-1.35033,-0.015963,0.028734,-0.013835,10.345,-53.673,-16.492001,0.747227,0.128709,0.127723,Updown,4
1.57684E+12,0.669179,9.52174,-1.294066,-0.098973,0.024477,-0.001064,9.895,-53.522999,-16.042,0.747252,0.129529,0.129667,Updown,4
1.57684E+12,0.654814,9.563639,-1.197101,-0.189432,0.022349,-0.006385,10.045,-53.673,-16.792,0.746597,0.130125,0.131692,Updown,4
1.57684E+12,0.638055,9.436746,-1.179144,-0.29479,0.018092,-0.009578,9.895,-53.373001,-17.091,0.744888,0.130511,0.133816,Updown,4
1.57684E+12,0.675165,9.306262,-1.036689,-0.422497,0.002128,0.002128,10.195,-53.673,-16.642,0.742886,0.130784,0.135733,Updown,4
1.57684E+12,0.645237,9.141062,-0.745794,-0.601287,-0.017028,-0.001064,10.345,-53.073002,-17.541,0.739895,0.131014,0.137814,Updown,4
1.57684E+12,0.612916,8.991425,-0.593762,-0.710902,-0.022349,-0.006385,10.045,-52.924,-17.691,0.734788,0.131122,0.140143,Updown,4
1.57684E+12,0.577003,8.768764,-0.240617,-0.960995,-0.029798,0.003193,9.745,-52.773998,-18.891001,0.729338,0.1311,0.142133,Updown,4
1.57684E+12,0.521936,8.83221,0.094571,-1.23663,-0.024477,0.036184,10.345,-52.023998,-19.040001,0.721125,0.130175,0.144803,Updown,4
1.57684E+12,0.529119,9.366117,0.205901,-1.492044,-0.010642,0.038312,10.795,-51.424,-19.639999,0.710729,0.129552,0.147406,Updown,4
1.57684E+12,0.5782,9.187749,0.635661,-1.68999,-0.004257,0.012771,9.895,-50.375,-20.99,0.699051,0.129963,0.149804,Updown,4
1.57684E+12,0.61531,9.080009,1.104924,-1.880486,0.010642,0.039376,9.745,-49.174999,-21.889,0.68588,0.129318,0.152926,Updown,4
1.57684E+12,0.635661,9.240421,1.252167,-1.961367,0.013835,0.070239,9.745,-48.875999,-23.388,0.670148,0.127206,0.157224,Updown,4
1.57684E+12,0.669179,9.765948,1.509544,-2.062468,0.011706,0.116001,10.045,-48.125999,-24.738001,0.655455,0.125238,0.161377,Updown,4
1.57684E+12,0.761356,10.326192,1.521515,-2.056083,0.00745,0.098973,9.895,-47.076,-25.487,0.641206,0.123552,0.16547,Updown,4
1.57684E+12,0.757765,10.398018,1.760935,-1.894321,-0.023413,0.081945,9.595,-46.027,-26.837,0.629285,0.122339,0.169139,Updown,4
1.57684E+12,0.724246,10.135853,2.334347,-1.719788,-0.054275,0.101101,9.295,-44.978001,-28.486,0.619648,0.121241,0.172301,Updown,4
1.57684E+12,0.683545,9.998186,2.853888,-1.585696,-0.058532,0.12345,9.295,-44.228001,-28.785999,0.609242,0.118986,0.17555,Updown,4
1.57684E+12,0.667982,10.029311,3.052607,-1.530356,-0.058532,0.1309,9.745,-43.178001,-29.385,0.597548,0.116942,0.178746,Updown,4
1.57684E+12,0.68953,10.084377,3.349488,-1.416484,-0.050019,0.113872,9.595,-43.028,-29.834999,0.586511,0.115919,0.181558,Updown,4
1.57684E+12,0.717063,9.910798,3.579331,-1.310061,-0.039376,0.06811,9.745,-42.129002,-30.135,0.57668,0.115437,0.184156,Updown,4
1.57684E+12,0.770933,9.867702,3.70383,-1.186611,-0.030863,0.044697,9.445,-41.078999,-30.584999,0.567054,0.115378,0.186603,Updown,4
1.57684E+12,0.78051,9.783905,3.900155,-1.021656,-0.028734,0.044697,9.895,-40.779999,-30.885,0.559889,0.115162,0.188821,Updown,4
1.57684E+12,0.752976,9.648633,4.175488,-0.860958,-0.028734,0.063854,9.295,-40.18,-31.034,0.553162,0.115254,0.191154,Updown,4
1.57684E+12,0.739808,9.653421,4.276044,-0.794976,-0.029798,0.067046,8.696,-40.029999,-32.234001,0.546539,0.115211,0.193612,Updown,4
1.57684E+12,0.762553,9.809044,4.325125,-0.653434,-0.028734,0.041505,8.996,-39.73,-32.234001,0.540715,0.114357,0.196045,Updown,4
1.57684E+12,0.760159,9.490616,4.650737,-0.484222,-0.030863,0.032991,9.145,-39.130001,-32.834,0.536525,0.114006,0.198086,Updown,4
1.57684E+12,0.751779,9.471461,4.813542,-0.349066,-0.021285,0.048954,8.846,-38.831001,-33.132999,0.532362,0.11392,0.19998,Updown,4
1.57684E+12,0.760159,9.217676,4.805163,-0.25435,-0.011706,0.028734,8.696,-38.831001,-32.834,0.528003,0.113459,0.202214,Updown,4
1.57684E+12,0.762553,8.943541,4.815937,-0.189432,-0.005321,0.021285,8.546,-38.831001,-32.683998,0.524545,0.113322,0.204203,Updown,4
1.57684E+12,0.787692,8.949526,4.821922,-0.160698,0.005321,0.025541,9.295,-38.681,-32.383999,0.521099,0.113365,0.206206,Updown,4
1.57684E+12,0.815226,9.021352,4.8722,-0.106423,0.017028,0.036184,8.846,-38.530998,-32.383999,0.518813,0.114314,0.20794,Updown,4
1.57684E+12,0.818817,8.962694,4.823119,-0.059597,0.026606,0.028734,9.145,-38.530998,-32.834,0.517141,0.115297,0.209941,Updown,4
1.57684E+12,0.814029,8.845378,4.770447,-0.028734,0.034055,0.025541,8.696,-38.530998,-32.234001,0.516074,0.116191,0.21186,Updown,4
1.57684E+12,0.848745,8.842984,4.665102,-0.013835,0.035119,0.036184,8.696,-38.681,-32.534,0.51536,0.116988,0.213862,Updown,4
1.57684E+12,0.869095,8.980651,4.644751,0.031927,0.037248,0.038312,8.846,-38.381001,-32.984001,0.51537,0.117562,0.216179,Updown,4
1.57684E+12,0.897826,9.001001,4.594473,0.05534,0.035119,0.036184,8.846,-38.530998,-32.984001,0.516088,0.118163,0.218144,Updown,4
1.57684E+12,0.878672,9.052477,4.570531,0.09578,0.034055,0.043633,8.846,-38.831001,-33.132999,0.517463,0.118689,0.220158,Updown,4
1.57684E+12,0.895431,9.136273,4.525041,0.14367,0.031927,0.037248,8.996,-38.681,-33.583,0.518895,0.119374,0.222105,Updown,4
1.57684E+12,0.897826,9.1255,4.460398,0.195817,0.028734,0.024477,9.145,-38.831001,-32.383999,0.520912,0.120158,0.22394,Updown,4
1.57684E+12,0.940921,9.487024,4.363432,0.270313,0.032991,0.011706,8.996,-38.831001,-32.234001,0.523332,0.121503,0.225492,Updown,4
1.57684E+12,0.952892,9.896433,4.382586,0.429947,0.024477,0.001064,9.145,-39.130001,-31.784,0.527166,0.12347,0.22675,Updown,4
1.57684E+12,0.951695,9.9096,4.581305,0.520406,0.022349,-0.006385,9.145,-39.130001,-31.483999,0.532711,0.125962,0.227397,Updown,4
1.57684E+12,0.939724,9.817424,4.498705,0.694939,0.031927,-0.034055,8.846,-39.880001,-31.483999,0.536853,0.127912,0.22833,Updown,4
1.57684E+12,0.881066,10.129868,4.205415,0.87905,0.038312,-0.046826,9.295,-40.779999,-31.184,0.541364,0.12986,0.229257,Updown,4
1.57684E+12,0.890643,10.066421,4.334702,1.101473,0.046826,-0.045762,9.595,-41.379002,-29.985001,0.54797,0.132994,0.229241,Updown,4
1.57684E+12,0.81762,10.048465,4.156334,1.287712,0.069175,-0.061725,8.996,-42.278999,-30.735001,0.554601,0.136709,0.229135,Updown,4
1.57684E+12,0.882263,10.465055,3.954024,1.450539,0.081945,-0.090459,8.696,-42.578999,-30.135,0.561289,0.139982,0.229148,Updown,4
1.57684E+12,0.814029,10.070012,3.750517,1.629329,0.096844,-0.169212,9.445,-43.627998,-29.385,0.570155,0.142952,0.228994,Updown,4
1.57684E+12,0.803255,9.623493,3.44765,1.696375,0.098973,-0.175597,9.295,-44.678001,-28.035999,0.578682,0.146657,0.22831,Updown,4
1.57684E+12,0.791284,9.578004,3.317166,1.788962,0.094716,-0.114936,9.895,-45.577,-27.285999,0.586653,0.150562,0.227583,Updown,4
1.57684E+12,0.779313,9.80665,2.835932,1.838981,0.089395,-0.094716,10.045,-46.477001,-26.837,0.594709,0.15446,0.227127,Updown,4
1.57684E+12,0.758962,9.964667,2.451663,1.880486,0.081945,-0.146863,9.745,-47.226002,-25.037001,0.605313,0.158989,0.226331,Updown,4
1.57684E+12,0.742203,9.305065,2.230199,1.870908,0.073432,-0.181983,9.895,-47.675999,-24.288,0.61599,0.163403,0.224967,Updown,4
1.57684E+12,0.705092,9.415198,1.45328,1.815568,0.072367,-0.142606,10.495,-48.875999,-22.639,0.625361,0.16706,0.223923,Updown,4
1.57684E+12,0.688333,9.234436,1.428141,1.793219,0.06811,-0.116001,10.345,-49.625,-21.739,0.637677,0.172216,0.22186,Updown,4
1.57684E+12,0.687136,9.135077,0.948104,1.687861,0.065982,-0.062789,10.195,-50.375,-20.84,0.647816,0.176349,0.220475,Updown,4
1.57684E+12,0.617704,9.387665,0.526724,1.525035,0.059597,-0.04789,10.345,-51.273998,-21.139,0.657879,0.179603,0.219584,Updown,4
1.57684E+12,0.565032,9.40203,0.204704,1.363272,0.058532,-0.073432,10.195,-52.023998,-20.09,0.667621,0.182461,0.218461,Updown,4
1.57684E+12,0.611719,9.324219,-0.343568,1.190868,0.065982,-0.089395,10.345,-52.624001,-19.190001,0.676848,0.18512,0.217001,Updown,4
1.57684E+12,0.635661,9.336189,-0.843956,1.08551,0.054275,-0.056404,10.795,-52.924,-18.740999,0.686731,0.187657,0.215563,Updown,4
1.57684E+12,0.616507,9.507375,-0.675165,1.047198,0.041505,-0.025541,10.645,-53.373001,-18.291,0.697085,0.190268,0.213657,Updown,4
1.57684E+12,0.635661,9.771935,-0.833182,0.949289,0.042569,-0.045762,10.195,-53.223,-16.941999,0.704502,0.191508,0.212748,Updown,4
1.57684E+12,0.605733,9.688137,-1.249773,0.83116,0.042569,-0.07556,10.795,-53.673,-16.191999,0.710891,0.192244,0.212145,Updown,4
1.57684E+12,0.603339,9.372103,-1.279701,0.771563,0.035119,-0.062789,10.645,-53.973,-15.592,0.717186,0.194081,0.210564,Updown,4
1.57684E+12,0.56144,9.434352,-1.420959,0.682168,0.025541,-0.019156,10.495,-54.272999,-14.693,0.72289,0.195557,0.209217,Updown,4
1.57684E+12,0.630872,9.525331,-1.510741,0.57681,0.026606,-0.012771,10.495,-54.123001,-14.843,0.728232,0.196523,0.208071,Updown,4
1.57684E+12,0.584185,9.403227,-1.565808,0.519342,0.026606,-0.010642,10.495,-54.272999,-14.393,0.732174,0.196505,0.207762,Updown,4
1.57684E+12,0.563834,9.405622,-1.65559,0.39802,0.026606,0.001064,10.945,-54.873001,-14.843,0.735659,0.196648,0.207154,Updown,4
1.57684E+12,0.60693,9.48463,-1.812411,0.283084,0.025541,0.003193,10.345,-55.021999,-14.693,0.738496,0.19663,0.206627,Updown,4
1.57684E+12,0.597353,9.475053,-1.927332,0.184111,0.019156,0.003193,10.495,-54.723,-14.393,0.740679,0.195958,0.206475,Updown,4
1.57684E+12,0.64404,9.655815,-1.918953,0.109615,0.00745,0.009578,11.244,-54.723,-14.993,0.742774,0.195264,0.206128,Updown,4
1.57684E+12,0.647632,9.646238,-1.893813,0.040441,0.003193,-0.010642,10.795,-54.873001,-14.543,0.74412,0.194483,0.205988,Updown,4
1.57684E+12,0.636858,9.580398,-1.843535,0.001064,-0.003193,-0.013835,10.795,-54.423,-14.243,0.744723,0.193771,0.205797,Updown,4
1.57684E+12,0.608127,9.637858,-1.76333,-0.079817,-0.004257,-0.023413,10.645,-54.723,-14.093,0.744752,0.19312,0.205603,Updown,4
1.57684E+12,0.602142,9.583989,-1.727417,-0.161762,-0.003193,-0.041505,10.345,-54.573002,-14.243,0.74406,0.192574,0.205382,Updown,4
1.57684E+12,0.605733,9.531317,-1.674744,-0.260735,-0.00745,-0.043633,10.795,-54.423,-14.543,0.742778,0.191911,0.205239,Updown,4
1.57684E+12,0.596156,9.55047,-1.623269,-0.37035,-0.019156,-0.046826,10.945,-54.423,-14.843,0.741071,0.191198,0.205186,Updown,4
1.57684E+12,0.593762,9.406818,-1.462857,-0.505507,-0.039376,-0.06811,10.795,-54.423,-15.142,0.738866,0.190487,0.205253,Updown,4
1.57684E+12,0.582988,9.229648,-1.318008,-0.586388,-0.048954,-0.076624,10.645,-54.272999,-15.592,0.735665,0.189463,0.205402,Updown,4
1.57684E+12,0.562637,8.947131,-1.209072,-0.781141,-0.063854,-0.063854,10.345,-53.823002,-16.492001,0.731737,0.188125,0.205759,Updown,4
1.57684E+12,0.52433,8.984241,-0.88346,-0.999307,-0.070239,-0.026606,10.495,-53.673,-17.091,0.72728,0.186062,0.206424,Updown,4
1.57684E+12,0.459687,9.124303,-0.639252,-1.230244,-0.067046,-0.008514,9.895,-53.373001,-17.841,0.720458,0.183282,0.207594,Updown,4
1.57684E+12,0.470461,9.254786,-0.336385,-1.450539,-0.061725,-0.011706,10.645,-52.473999,-18.891001,0.7122,0.180408,0.208953,Updown,4
1.57684E+12,0.471658,9.677363,-0.271742,-1.620815,-0.056404,-0.002128,11.094,-51.874001,-18.891001,0.702318,0.177692,0.210492,Updown,4
1.57684E+12,0.585382,9.768343,0.050278,-1.677219,-0.060661,0.003193,10.495,-50.825001,-19.639999,0.692221,0.176041,0.211722,Updown,4
1.57684E+12,0.568623,9.666589,0.277727,-1.751715,-0.071303,-0.00745,10.195,-50.525002,-20.99,0.681673,0.173777,0.213684,Updown,4
1.57684E+12,0.620098,9.403227,0.715866,-1.848559,-0.076624,0.012771,10.795,-49.625,-22.339001,0.670689,0.17106,0.215766,Updown,4
1.57684E+12,0.596156,9.561244,1.11091,-1.923055,-0.087266,0.064918,10.495,-48.425999,-23.688,0.658247,0.16742,0.218718,Updown,4
1.57684E+12,0.666785,10.133458,1.419762,-1.928376,-0.104294,0.084074,10.045,-48.125999,-25.037001,0.64596,0.16395,0.221587,Updown,4
1.57684E+12,0.690727,10.231621,1.796848,-1.871972,-0.119193,0.041505,10.345,-46.926998,-25.787001,0.63369,0.15997,0.224602,Updown,4
1.57684E+12,0.627281,9.847351,2.033874,-1.845366,-0.129835,0.021285,9.895,-46.176998,-26.837,0.621324,0.156329,0.227196,Updown,4
1.57684E+12,0.60693,9.793482,2.16795,-1.797476,-0.163891,-0.010642,9.895,-45.426998,-28.186001,0.608883,0.153114,0.229218,Updown,4
1.57684E+12,0.62369,10.049662,2.634819,-1.692118,-0.192625,-0.019156,9.295,-44.077999,-28.785999,0.598818,0.150366,0.230439,Updown,4
1.57684E+12,0.626084,10.098742,3.074155,-1.543126,-0.201139,-0.002128,9.895,-43.478001,-29.985001,0.588518,0.147323,0.231356,Updown,4
1.57684E+12,0.575805,10.181342,3.392584,-1.374979,-0.197946,0.011706,9.895,-42.729,-29.084999,0.577002,0.143755,0.232644,Updown,4
1.57684E+12,0.520739,9.88925,3.615244,-1.214281,-0.189432,-0.002128,9.145,-41.528999,-29.684999,0.567957,0.142299,0.233126,Updown,4
1.57684E+12,0.486023,9.967061,3.853467,-1.140849,-0.183047,-0.011706,9.745,-41.078999,-30.135,0.559247,0.141015,0.233469,Updown,4
1.57684E+12,0.519542,9.943119,4.045004,-0.969509,-0.170276,-0.025541,9.295,-40.48,-30.584999,0.551358,0.14026,0.233521,Updown,4
1.57684E+12,0.468066,9.733627,4.377798,-0.802426,-0.152184,-0.022349,9.295,-39.880001,-31.334,0.544648,0.139546,0.233635,Updown,4
1.57684E+12,0.45849,9.545682,4.545392,-0.683233,-0.122386,-0.017028,8.396,-40.029999,-31.784,0.537507,0.138523,0.233973,Updown,4
1.57684E+12,0.411803,9.096769,4.517859,-0.601287,-0.089395,-0.035119,8.546,-39.73,-32.383999,0.530215,0.136919,0.234722,Updown,4
1.57684E+12,0.497994,9.331401,4.673481,-0.519342,-0.063854,-0.009578,8.996,-39.43,-32.534,0.523784,0.135734,0.235362,Updown,4
1.57684E+12,0.52433,9.394847,4.762067,-0.406534,-0.046826,0.002128,8.696,-39.130001,-32.984001,0.518551,0.135081,0.236177,Updown,4
1.57684E+12,0.509965,9.254786,4.76087,-0.354387,-0.039376,-0.008514,9.445,-38.980999,-32.683998,0.514804,0.134581,0.237165,Updown,4
1.57684E+12,0.568623,8.987833,4.825513,-0.280955,-0.025541,-0.004257,8.996,-38.530998,-32.683998,0.511893,0.134871,0.237935,Updown,4
1.57684E+12,0.547075,8.980651,4.81474,-0.223487,-0.014899,0.019156,8.546,-38.530998,-31.934,0.508974,0.134913,0.239038,Updown,4
1.57684E+12,0.590171,9.107543,4.83509,-0.166019,-0.003193,0.019156,8.996,-38.831001,-32.084,0.506506,0.134951,0.240335,Updown,4
1.57684E+12,0.574608,9.087193,4.85185,-0.098973,0.008514,0.009578,9.445,-38.081001,-32.534,0.505621,0.135622,0.241321,Updown,4
1.57684E+12,0.592565,8.95192,4.848258,-0.046826,0.017028,0.00745,8.846,-38.230999,-32.534,0.505173,0.1367,0.242344,Updown,4
1.57684E+12,0.610521,8.929175,4.801571,-0.02767,0.021285,0.010642,8.996,-38.230999,-32.084,0.504568,0.137099,0.243679,Updown,4
1.57684E+12,0.600945,8.930372,4.762067,0.012771,0.026606,0.008514,9.145,-38.530998,-32.534,0.504423,0.137556,0.244951,Updown,4
1.57684E+12,0.591368,8.942343,4.756082,0.054275,0.031927,0.010642,8.396,-38.381001,-33.283001,0.504843,0.138427,0.246167,Updown,4
1.57684E+12,0.614113,9.051279,4.656722,0.096844,0.037248,0.011706,8.996,-38.530998,-32.834,0.50512,0.138407,0.247525,Updown,4
1.57684E+12,0.587776,9.506178,4.514267,0.180918,0.045762,0.013835,8.846,-38.681,-33.132999,0.506402,0.138841,0.248728,Updown,4
1.57684E+12,0.635661,9.891644,4.55856,0.345873,0.05534,-0.003193,8.996,-38.980999,-32.683998,0.509726,0.140393,0.249344,Updown,4
1.57684E+12,0.59855,9.865308,4.636372,0.440589,0.064918,-0.012771,8.996,-39.130001,-32.984001,0.51483,0.142364,0.24963,Updown,4
1.57684E+12,0.585382,10.099939,4.380192,0.623636,0.089395,-0.019156,8.846,-39.130001,-31.634001,0.518855,0.14408,0.250003,Updown,4
1.57684E+12,0.600945,10.760739,4.209006,0.896078,0.112808,-0.026606,9.145,-39.580002,-31.334,0.524688,0.146539,0.250126,Updown,4
1.57684E+12,0.597353,10.670957,4.56694,1.254722,0.137285,-0.044697,9.595,-40.779999,-30.885,0.533612,0.150599,0.249314,Updown,4
1.57684E+12,0.505177,10.260351,4.519056,1.514392,0.170276,-0.057468,9.895,-41.528999,-29.684999,0.542571,0.154878,0.248602,Updown,4
1.57684E+12,0.559046,10.579977,4.217386,1.698503,0.208588,-0.100037,10.045,-42.729,-28.936001,0.550146,0.159467,0.248221,Updown,4
1.57684E+12,0.476446,10.55843,3.982754,1.795348,0.222423,-0.148992,9.745,-43.178001,-29.535,0.559311,0.164928,0.247397,Updown,4
1.57684E+12,0.496797,9.737218,3.399766,1.967752,0.241579,-0.200074,9.895,-44.528,-28.636,0.569113,0.170155,0.246304,Updown,4
1.57684E+12,0.526724,9.51336,3.351882,2.098652,0.240515,-0.124514,9.595,-45.727001,-27.436001,0.578131,0.174156,0.245491,Updown,4
1.57684E+12,0.387861,9.991004,2.760514,2.166762,0.249029,-0.107487,9.895,-47.076,-26.237,0.587273,0.177997,0.245052,Updown,4
1.57684E+12,0.383072,9.52174,2.829946,2.205075,0.261799,-0.161762,10.195,-48.276001,-24.888,0.598972,0.183437,0.243676,Updown,4
1.57684E+12,0.362722,9.435549,1.91177,2.123129,0.290533,-0.187304,10.795,-49.025002,-23.688,0.608651,0.188446,0.242554,Updown,4
1.57684E+12,0.386664,9.447519,1.594538,2.08801,0.296919,-0.180918,11.544,-49.174999,-22.039,0.619621,0.194746,0.240722,Updown,4
1.57684E+12,0.390255,8.801085,1.264138,1.989037,0.287341,-0.156441,11.694,-50.075001,-20.540001,0.6314,0.201282,0.238777,Updown,4
1.57684E+12,0.300472,9.229648,0.254982,1.828339,0.259671,-0.084074,11.694,-51.124001,-19.940001,0.641611,0.207186,0.237482,Updown,4
1.57684E+12,0.434548,9.416395,0.348356,1.660191,0.222423,-0.056404,11.694,-51.574001,-18.891001,0.655375,0.213313,0.235199,Updown,4
1.57684E+12,0.433351,8.998607,-0.226252,1.409034,0.208588,-0.106423,11.694,-52.773998,-17.541,0.666155,0.216641,0.234625,Updown,4
1.57684E+12,0.354342,9.027337,-0.936133,1.178097,0.169212,-0.086202,11.844,-53.073002,-17.841,0.675472,0.21969,0.23387,Updown,4
1.57684E+12,0.434548,9.102755,-0.858321,1.091895,0.141542,-0.056404,11.844,-53.373001,-17.091,0.687058,0.22324,0.231727,Updown,4
1.57684E+12,0.380678,9.148245,-0.999579,0.923747,0.105358,-0.02767,11.694,-53.973,-16.341999,0.695843,0.224197,0.231143,Updown,4
1.57684E+12,0.373495,9.287108,-1.231817,0.737508,0.077688,-0.004257,12.144,-53.973,-15.742,0.702492,0.22468,0.230562,Updown,4
1.57684E+12,0.383072,9.49301,-1.511938,0.590645,0.053211,0.005321,11.844,-54.423,-15.292,0.708548,0.225164,0.229668,Updown,4
1.57684E+12,0.401029,9.3733,-1.760935,0.48103,0.029798,0.009578,11.544,-54.272999,-15.292,0.714172,0.225364,0.228601,Updown,4
1.57684E+12,0.373495,9.465476,-1.774103,0.383121,0.003193,0.040441,12.294,-53.823002,-14.393,0.719633,0.224872,0.227445,Updown,4
1.57684E+12,0.362722,9.54209,-1.784877,0.337359,-0.004257,0.045762,12.144,-53.973,-14.243,0.724301,0.224504,0.225958,Updown,4
1.57684E+12,0.381875,9.496601,-1.789666,0.233065,-0.012771,0.032991,11.994,-54.123001,-14.243,0.727465,0.224081,0.22474,Updown,4
1.57684E+12,0.389058,9.473856,-1.906982,0.124514,-0.017028,0.038312,11.844,-54.123001,-14.393,0.729835,0.223138,0.223747,Updown,4
1.57684E+12,0.389058,9.527725,-1.889025,0.02022,-0.02767,0.043633,11.844,-54.123001,-14.243,0.731985,0.221705,0.222904,Updown,4
1.57684E+12,0.415394,9.473856,-1.825579,-0.091523,-0.036184,0.017028,11.094,-54.873001,-14.243,0.733218,0.220054,0.222223,Updown,4
1.57684E+12,0.402226,9.299079,-1.661576,-0.23413,-0.046826,-0.013835,11.394,-54.723,-14.843,0.733456,0.217952,0.221821,Updown,4
1.57684E+12,0.433351,9.033323,-1.608904,-0.321396,-0.052147,-0.026606,10.945,-54.123001,-15.142,0.732209,0.215216,0.221671,Updown,4
1.57684E+12,0.423774,9.0429,-1.614889,-0.532113,-0.064918,-0.022349,11.394,-54.423,-15.592,0.730658,0.21261,0.221693,Updown,4
1.57684E+12,0.460884,9.008183,-1.449689,-0.753471,-0.084074,-0.00745,11.694,-54.423,-16.042,0.72862,0.209999,0.221524,Updown,4
1.57684E+12,0.442927,9.094375,-1.367089,-0.967381,-0.104294,-0.009578,11.544,-53.223,-16.492001,0.725408,0.207309,0.221723,Updown,4
1.57684E+12,0.373495,9.149442,-1.114501,-1.17384,-0.129835,-0.014899,11.394,-53.373001,-17.091,0.720965,0.204375,0.221997,Updown,4
1.57684E+12,0.369904,9.216479,-0.741005,-1.394135,-0.153248,-0.044697,11.394,-52.324001,-17.541,0.714937,0.201388,0.222095,Updown,4
1.57684E+12,0.351948,9.368511,-0.474052,-1.501622,-0.161762,-0.063854,11.394,-52.023998,-19.190001,0.706546,0.198158,0.222492,Updown,4
1.57684E+12,0.324414,9.354146,-0.25618,-1.68254,-0.174533,-0.07556,11.244,-50.825001,-19.940001,0.696748,0.194734,0.223041,Updown,4
1.57684E+12,0.350751,9.452308,0.043096,-1.820889,-0.183047,-0.060661,11.394,-50.075001,-21.589001,0.686546,0.191206,0.223483,Updown,4
1.57684E+12,0.390255,9.39365,0.572214,-1.948596,-0.189432,-0.046826,10.795,-50.375,-22.489,0.675692,0.187268,0.224412,Updown,4
1.57684E+12,0.374693,9.838972,0.68115,-2.036927,-0.202203,-0.029798,10.645,-48.875999,-23.238001,0.662295,0.182177,0.226215,Updown,4
1.57684E+12,0.480037,9.825804,1.149217,-2.049698,-0.2469,-0.028734,10.345,-48.276001,-25.037001,0.649537,0.177536,0.227619,Updown,4
1.57684E+12,0.497994,9.592369,1.480814,-2.028413,-0.283084,-0.037248,10.945,-46.926998,-25.487,0.636587,0.172076,0.229369,Updown,4
1.57684E+12,0.456095,9.434352,1.689109,-2.017771,-0.306497,-0.017028,10.045,-45.727001,-27.436001,0.623885,0.166958,0.230666,Updown,4
1.57684E+12,0.31364,9.682152,2.280477,-2.001807,-0.366093,0.022349,10.045,-44.228001,-27.436001,0.611461,0.161579,0.231714,Updown,4
1.57684E+12,0.263362,10.1574,2.79523,-1.93689,-0.392699,-0.004257,10.045,-43.627998,-28.636,0.598714,0.156905,0.232012,Updown,4
1.57684E+12,0.196325,10.277111,3.294421,-1.768742,-0.373543,-0.038312,9.445,-42.729,-29.084999,0.585148,0.152908,0.231559,Updown,4
1.57684E+12,0.11133,9.952696,3.762488,-1.583567,-0.335231,-0.028734,9.295,-41.379002,-30.285,0.571615,0.149346,0.230672,Updown,4
1.57684E+12,0.112527,9.572019,4.187459,-1.450539,-0.285212,-0.040441,9.895,-40.93,-30.735001,0.558869,0.146352,0.229985,Updown,4
1.57684E+12,0.158017,9.642647,4.187459,-1.398392,-0.266056,-0.053211,9.445,-39.580002,-31.184,0.545433,0.144129,0.229452,Updown,4
1.57684E+12,0.1652,9.911995,4.331111,-1.232373,-0.253286,-0.057468,8.996,-39.73,-31.934,0.533886,0.142123,0.229031,Updown,4
1.57684E+12,0.181959,10.000581,4.812346,-1.013142,-0.253286,-0.046826,8.996,-39.130001,-32.534,0.525454,0.140527,0.228328,Updown,4
1.57684E+12,0.1652,9.575609,4.946421,-0.822646,-0.225616,-0.076624,9.295,-38.381001,-32.984001,0.517681,0.138535,0.227845,Updown,4
1.57684E+12,0.21069,8.78672,5.100847,-0.702389,-0.196882,-0.076624,8.546,-37.931,-33.432999,0.510348,0.136967,0.227328,Updown,4
1.57684E+12,0.227449,8.718485,5.240908,-0.622572,-0.15857,-0.042569,8.696,-37.480999,-33.432999,0.502098,0.134613,0.227369,Updown,4
1.57684E+12,0.220267,8.99741,5.309142,-0.571489,-0.140478,0.032991,8.846,-37.480999,-32.984001,0.494128,0.132377,0.227879,Updown,4
1.57684E+12,0.271742,9.255983,5.480328,-0.455488,-0.113872,0.032991,8.996,-37.030998,-32.984001,0.488815,0.131683,0.228152,Updown,4
1.57684E+12,0.278924,9.01417,5.511452,-0.355451,-0.086202,-0.012771,9.445,-36.882,-33.733002,0.485424,0.13174,0.22861,Updown,4
1.57684E+12,0.281319,8.616732,5.482722,-0.286277,-0.064918,-0.017028,8.696,-36.582001,-33.733002,0.482463,0.132134,0.228997,Updown,4
1.57684E+12,0.298078,8.789114,5.50427,-0.229873,-0.039376,0.001064,8.546,-36.282001,-33.583,0.479068,0.131855,0.229696,Updown,4
1.57684E+12,0.32202,8.924387,5.47913,-0.140478,-0.010642,0.001064,8.546,-36.431999,-33.733002,0.476458,0.131434,0.230613,Updown,4
1.57684E+12,0.304064,8.881291,5.468357,-0.092588,-0.001064,0.002128,8.696,-35.981998,-34.182999,0.475715,0.131719,0.231483,Updown,4
1.57684E+12,0.324414,8.822633,5.428852,-0.010642,0.021285,0.010642,8.246,-36.731998,-34.483002,0.475365,0.13203,0.232219,Updown,4
1.57684E+12,0.339977,8.779537,5.317522,0.054275,0.037248,0.011706,8.546,-36.731998,-33.882999,0.475546,0.132108,0.233261,Updown,4
1.57684E+12,0.348356,9.03452,5.218163,0.137285,0.04789,0.023413,8.696,-36.882,-33.733002,0.47652,0.132777,0.234223,Updown,4
1.57684E+12,0.336385,9.151835,5.195417,0.256478,0.056404,0.035119,8.396,-37.181,-34.033001,0.479324,0.134286,0.234882,Updown,4
1.57684E+12,0.31364,9.26197,5.117606,0.383121,0.070239,0.044697,8.546,-36.882,-33.882999,0.482988,0.135696,0.235637,Updown,4
1.57684E+12,0.289698,9.397242,5.110424,0.457617,0.079817,0.051083,8.696,-36.731998,-33.283001,0.487542,0.137282,0.236365,Updown,4
1.57684E+12,0.264559,9.540894,5.027823,0.620443,0.10323,0.056404,8.696,-37.631001,-32.984001,0.492336,0.139217,0.236921,Updown,4
1.57684E+12,0.287304,9.981427,4.772841,0.819453,0.131964,0.058532,8.996,-37.780998,-32.984001,0.497773,0.141724,0.237392,Updown,4
1.57684E+12,0.292093,9.971849,5.068525,1.074867,0.160698,0.057468,9.295,-38.530998,-32.084,0.505808,0.144941,0.237597,Updown,4
1.57684E+12,0.220267,9.812635,4.768053,1.281327,0.19901,0.065982,9.745,-39.130001,-32.534,0.513789,0.148531,0.237829,Updown,4
1.57684E+12,0.29329,10.296265,4.380192,1.473952,0.235194,0.054275,9.145,-40.18,-31.934,0.522244,0.152522,0.238254,Updown,4
1.57684E+12,0.23104,10.175357,4.367024,1.587824,0.2469,0.034055,8.996,-41.379002,-31.334,0.532704,0.156421,0.238514,Updown,4
1.57684E+12,0.241814,10.395623,4.163517,1.793219,0.279891,-0.002128,9.145,-42.429001,-30.735001,0.542743,0.160284,0.23862,Updown,4
1.57684E+12,0.33878,9.38168,3.98036,1.961367,0.306497,-0.031927,9.895,-43.778,-29.385,0.553137,0.164271,0.238644,Updown,4
1.57684E+12,0.353145,9.645041,3.415329,2.025221,0.316075,0.030863,9.895,-45.277,-28.636,0.562048,0.168498,0.238895,Updown,4
1.57684E+12,0.383072,10.147823,2.800019,2.117808,0.303304,0.015963,9.745,-45.426998,-27.586,0.573223,0.17361,0.238977,Updown,4
1.57684E+12,0.395043,9.848549,2.768894,2.209332,0.276699,-0.04789,9.745,-46.327,-26.087,0.58718,0.178503,0.238804,Updown,4
1.57684E+12,0.323217,9.143456,2.422932,2.217845,0.272442,-0.060661,10.195,-47.826,-23.988001,0.600093,0.182963,0.238306,Updown,4
1.57684E+12,0.368707,9.096769,2.03986,2.155056,0.268185,-0.009578,10.645,-48.875999,-22.639,0.611512,0.188009,0.237702,Updown,4
1.57684E+12,0.335188,9.102755,1.413776,2.058212,0.243708,0.050019,10.645,-49.924999,-21.889,0.621207,0.192917,0.237107,Updown,4
1.57684E+12,0.361524,9.467871,0.855927,1.943275,0.225616,0.053211,10.795,-50.674999,-22.188999,0.633774,0.198064,0.236293,Updown,4
1.57684E+12,0.459687,9.458294,0.52433,1.821954,0.207524,0.026606,10.795,-51.574001,-20.24,0.646907,0.202059,0.235514,Updown,4
1.57684E+12,0.42138,9.041702,-0.056264,1.664448,0.200074,0.030863,10.345,-52.174,-18.891001,0.65878,0.205371,0.23474,Updown,4
1.57684E+12,0.415394,9.214085,-0.384269,1.583567,0.186239,0.062789,10.795,-52.324001,-17.990999,0.671011,0.20885,0.233602,Updown,4
1.57684E+12,0.533907,9.387665,-0.493206,1.415419,0.157505,0.097909,10.645,-53.522999,-16.792,0.682907,0.211714,0.232405,Updown,4
1.57684E+12,0.442927,9.204508,-0.861913,1.237694,0.150056,0.036184,10.645,-53.673,-15.892,0.692756,0.21338,0.23208,Updown,4
1.57684E+12,0.501585,8.771158,-1.34195,1.03017,0.131964,0.045762,11.244,-53.522999,-15.892,0.70136,0.215269,0.231209,Updown,4
1.57684E+12,0.574608,9.229648,-1.702277,0.843931,0.10323,0.109615,10.795,-53.522999,-15.142,0.710513,0.216817,0.230185,Updown,4
1.57684E+12,0.596156,9.475053,-1.898602,0.702389,0.077688,0.090459,11.244,-54.272999,-14.693,0.719189,0.217345,0.229267,Updown,4
1.57684E+12,0.640449,9.332598,-1.962048,0.633214,0.067046,0.074496,11.094,-54.573002,-14.243,0.726477,0.217307,0.228444,Updown,4
1.57684E+12,0.646434,9.339781,-1.990779,0.489544,0.051083,0.048954,10.345,-55.021999,-13.793,0.732694,0.21696,0.2277,Updown,4
1.57684E+12,0.65242,9.178172,-2.070984,0.35758,0.044697,0.050019,10.645,-54.723,-14.093,0.73714,0.215842,0.227367,Updown,4
1.57684E+12,0.675165,9.28232,-2.20506,0.221359,0.037248,0.081945,10.645,-55.021999,-14.243,0.740772,0.214353,0.227057,Updown,4
1.57684E+12,0.694318,9.615114,-2.274492,0.105358,0.026606,0.074496,10.495,-55.021999,-13.943,0.743794,0.212485,0.226889,Updown,4
1.57684E+12,0.647632,9.586384,-2.234987,0.015963,0.017028,0.030863,10.945,-55.172001,-13.343,0.745816,0.210546,0.226645,Updown,4
1.57684E+12,0.672771,9.471461,-2.135628,-0.073432,0.010642,0.005321,10.645,-55.021999,-13.193,0.747008,0.209547,0.225676,Updown,4
1.57684E+12,0.670376,9.514558,-2.086547,-0.121322,0.00745,0.005321,10.645,-54.723,-13.343,0.747194,0.208665,0.224969,Updown,4
1.57684E+12,0.675165,9.482236,-2.072181,-0.227744,0.002128,-0.024477,10.945,-54.573002,-13.493,0.74683,0.207548,0.224458,Updown,4
1.57684E+12,0.671574,9.369708,-1.995567,-0.351194,-0.00745,-0.037248,10.795,-54.723,-13.493,0.745853,0.206604,0.223874,Updown,4
1.57684E+12,0.669179,9.209296,-1.88304,-0.499122,-0.028734,-0.040441,10.495,-54.123001,-14.093,0.744307,0.205583,0.223448,Updown,4
1.57684E+12,0.60693,8.932766,-1.596933,-0.681104,-0.05534,-0.045762,10.945,-54.123001,-14.693,0.742018,0.20396,0.223383,Updown,4
1.57684E+12,0.574608,8.801085,-1.436521,-0.903527,-0.071303,-0.029798,10.645,-53.673,-15.142,0.738038,0.201777,0.223491,Updown,4
1.57684E+12,0.539892,8.912416,-1.343147,-1.019528,-0.074496,-0.011706,10.645,-53.973,-15.892,0.732638,0.199266,0.223844,Updown,4
1.57684E+12,0.581791,9.714473,-1.33357,-1.211088,-0.085138,0.009578,10.645,-53.373001,-16.941999,0.727251,0.197126,0.223967,Updown,4
1.57684E+12,0.553061,9.327809,-0.869095,-1.341988,-0.109615,-0.021285,10.495,-53.223,-17.990999,0.721147,0.194309,0.22439,Updown,4
1.57684E+12,0.477643,9.230844,-0.482432,-1.490979,-0.129835,-0.046826,10.345,-52.624001,-18.591,0.712339,0.190586,0.225442,Updown,4
1.57684E+12,0.444124,9.208099,-0.020351,-1.636778,-0.136221,-0.028734,10.495,-51.574001,-19.790001,0.703324,0.187707,0.225846,Updown,4
1.57684E+12,0.527921,9.767146,0.241814,-1.768742,-0.119193,0.021285,10.495,-50.974998,-20.540001,0.689578,0.183508,0.227198,Updown,4
1.57684E+12,0.550666,9.712079,0.6608,-1.808119,-0.109615,0.045762,10.345,-49.924999,-22.039,0.678167,0.180071,0.228758,Updown,4
1.57684E+12,0.4956,9.664195,0.976834,-1.842174,-0.102166,0.079817,10.045,-48.726002,-22.489,0.664399,0.175749,0.231299,Updown,4
1.57684E+12,0.47884,9.358934,1.308431,-1.897514,-0.106423,0.107487,9.895,-48.576,-24.138,0.651402,0.17192,0.233676,Updown,4
1.57684E+12,0.505177,10.058042,1.46166,-1.943275,-0.114936,0.102166,10.045,-47.375999,-25.037001,0.637672,0.168038,0.236146,Updown,4
1.57684E+12,0.553061,10.107122,2.161964,-1.894321,-0.129835,0.040441,9.445,-46.027,-26.386999,0.625161,0.164908,0.237938,Updown,4
1.57684E+12,0.547075,9.55885,2.726996,-1.871972,-0.126643,0.002128,9.445,-46.027,-26.987,0.611654,0.160878,0.240117,Updown,4
1.57684E+12,0.505177,9.408015,2.920926,-1.877293,-0.125579,0.004257,9.595,-44.678001,-28.035999,0.596197,0.156713,0.242533,Updown,4
1.57684E+12,0.617704,9.575609,3.081337,-1.874101,-0.129835,0.023413,8.996,-43.627998,-29.084999,0.580984,0.153546,0.24446,Updown,4
1.57684E+12,0.645237,9.747993,3.18788,-1.787898,-0.133028,0.026606,9.295,-42.578999,-30.584999,0.567103,0.149755,0.24667,Updown,4
1.57684E+12,0.639252,9.823409,3.581726,-1.637843,-0.15857,0.046826,9.745,-41.379002,-30.885,0.556782,0.146334,0.248457,Updown,4
1.57684E+12,0.676362,9.745598,4.110844,-1.478209,-0.183047,0.076624,9.595,-40.779999,-30.584999,0.546847,0.143585,0.249915,Updown,4
1.57684E+12,0.612916,9.718064,4.313154,-1.348373,-0.207524,0.06811,9.295,-40.18,-31.184,0.536789,0.141104,0.251502,Updown,4
1.57684E+12,0.568623,9.854534,4.314352,-1.28452,-0.210717,0.050019,8.996,-39.130001,-32.084,0.528098,0.139304,0.252499,Updown,4
1.57684E+12,0.600945,10.089166,4.584896,-1.094023,-0.201139,0.02767,8.396,-38.681,-32.234001,0.521089,0.137851,0.252866,Updown,4
1.57684E+12,0.56982,9.498995,4.96318,-0.873729,-0.173469,-0.037248,8.846,-38.230999,-33.132999,0.515421,0.136334,0.252968,Updown,4
1.57684E+12,0.596156,9.184157,5.304354,-0.708774,-0.139414,0.004257,8.246,-37.931,-33.283001,0.508663,0.134634,0.253222,Updown,4
1.57684E+12,0.599748,9.264363,5.335478,-0.58426,-0.09578,0.022349,8.396,-37.480999,-33.132999,0.500915,0.132461,0.254243,Updown,4
1.57684E+12,0.59855,9.07163,5.213374,-0.490608,-0.062789,-0.02022,8.096,-37.030998,-33.583,0.495178,0.131442,0.25519,Updown,4
1.57684E+12,0.596156,8.977059,5.246893,-0.437397,-0.053211,-0.029798,8.696,-37.181,-33.733002,0.491064,0.131076,0.255863,Updown,4
1.57684E+12,0.614113,8.925584,5.481524,-0.324589,-0.035119,-0.00745,8.696,-37.030998,-33.432999,0.48776,0.131257,0.256368,Updown,4
1.57684E+12,0.609324,8.851363,5.559336,-0.212845,-0.011706,0.023413,8.396,-36.731998,-34.182999,0.484476,0.131777,0.257096,Updown,4
1.57684E+12,0.585382,8.765172,5.461174,-0.128771,0.010642,0.030863,8.696,-36.431999,-34.182999,0.481595,0.131837,0.258274,Updown,4
1.57684E+12,0.604536,8.684966,5.386954,-0.061725,0.030863,0.039376,8.696,-36.731998,-34.033001,0.479757,0.132172,0.2595,Updown,4
1.57684E+12,0.620098,8.740033,5.351041,0.002128,0.048954,0.052147,8.696,-36.132,-33.882999,0.478916,0.13312,0.260747,Updown,4
1.57684E+12,0.665588,8.694543,5.358223,0.032991,0.056404,0.057468,8.696,-36.882,-34.033001,0.479101,0.13428,0.26203,Updown,4
1.57684E+12,0.675165,8.668207,5.294777,0.087266,0.069175,0.063854,9.145,-36.582001,-33.733002,0.479541,0.135033,0.263899,Updown,4
1.57684E+12,0.690727,8.88608,5.133168,0.139414,0.07556,0.062789,8.846,-36.731998,-33.432999,0.480341,0.13619,0.265297,Updown,4
1.57684E+12,0.72664,9.206903,5.046977,0.243708,0.076624,0.060661,8.246,-36.882,-33.283001,0.482871,0.137872,0.266708,Updown,4
1.57684E+12,0.733823,9.436746,5.051765,0.392699,0.081945,0.04789,8.996,-37.331001,-33.583,0.487184,0.139467,0.267992,Updown,4
1.57684E+12,0.712275,9.725247,4.911705,0.568296,0.085138,0.042569,8.696,-37.780998,-33.432999,0.492096,0.14142,0.268839,Updown,4
1.57684E+12,0.667982,10.232818,4.981136,0.682168,0.090459,0.034055,8.396,-38.230999,-33.283001,0.498973,0.144129,0.269383,Updown,4
1.57684E+12,0.80924,10.041282,5.097255,0.942904,0.098973,-0.001064,8.396,-38.980999,-32.683998,0.506262,0.146899,0.269306,Updown,4
1.57684E+12,0.745794,10.156203,4.667496,1.18874,0.114936,-0.029798,9.145,-39.130001,-31.934,0.513257,0.14897,0.269688,Updown,4
1.57684E+12,0.748188,10.253169,4.765658,1.459053,0.111744,-0.038312,8.846,-39.880001,-32.234001,0.522353,0.152528,0.269334,Updown,4
1.57684E+12,0.755371,10.210073,4.569334,1.688925,0.114936,-0.045762,8.996,-41.379002,-31.034,0.53164,0.155847,0.268894,Updown,4
1.57684E+12,0.76375,10.565612,4.264073,1.889,0.120257,-0.121322,9.445,-42.278999,-30.584999,0.540905,0.159081,0.268487,Updown,4
1.57684E+12,0.658405,9.93474,3.845088,1.998615,0.117065,-0.172404,9.295,-43.627998,-29.535,0.552678,0.163549,0.267041,Updown,4
1.57684E+12,0.672771,9.730036,4.001908,2.180597,0.114936,-0.150056,9.445,-44.827999,-27.886,0.563873,0.168816,0.26488,Updown,4
1.57684E+12,0.544681,9.380482,3.58412,2.265735,0.12345,-0.09578,9.295,-45.577,-27.586,0.573695,0.17368,0.263126,Updown,4
1.57684E+12,0.513556,10.056844,2.90297,2.320011,0.129835,-0.100037,9.445,-46.626999,-25.937,0.582824,0.178306,0.261817,Updown,4
1.57684E+12,0.608127,9.827001,2.691083,2.388121,0.125579,-0.126643,9.895,-47.976002,-24.587999,0.595087,0.183872,0.2593,Updown,4
1.57684E+12,0.597353,9.447519,2.291251,2.345552,0.137285,-0.15112,10.195,-49.174999,-23.538,0.608198,0.189399,0.257041,Updown,4
1.57684E+12,0.542287,9.018958,1.630451,2.248708,0.148992,-0.14367,9.895,-49.924999,-21.739,0.618823,0.19448,0.254963,Updown,4
1.57684E+12,0.547075,9.088389,1.118092,2.189111,0.150056,-0.109615,10.495,-51.124001,-20.84,0.630676,0.199983,0.252503,Updown,4
1.57684E+12,0.585382,9.130288,0.76375,2.069918,0.133028,-0.050019,10.045,-51.874001,-19.790001,0.642839,0.205151,0.250187,Updown,4
1.57684E+12,0.53271,9.066842,0.081403,1.834724,0.129835,-0.024477,10.045,-52.473999,-18.291,0.655647,0.209194,0.24824,Updown,4
1.57684E+12,0.590171,8.717288,-0.676362,1.60698,0.109615,-0.035119,10.495,-52.773998,-16.941999,0.668207,0.212933,0.246272,Updown,4
1.57684E+12,0.521936,9.179369,-0.906205,1.403713,0.074496,-0.006385,10.945,-53.673,-16.492001,0.681214,0.216757,0.243597,Updown,4
1.57684E+12,0.635661,9.082404,-1.242591,1.20896,0.059597,-0.041505,10.345,-53.673,-16.042,0.69472,0.220136,0.240592,Updown,4
1.57684E+12,0.573411,8.785523,-1.455675,1.103601,0.053211,-0.044697,11.094,-54.272999,-15.142,0.704339,0.221047,0.239118,Updown,4
1.57684E+12,0.621295,8.981848,-1.897405,0.896078,0.031927,0.023413,10.495,-54.272999,-14.243,0.714741,0.222563,0.236615,Updown,4
1.57684E+12,0.640449,9.255983,-2.057816,0.736444,0.009578,0.053211,10.795,-54.723,-13.793,0.723397,0.222802,0.234959,Updown,4
1.57684E+12,0.62369,9.320627,-2.149993,0.58426,-0.005321,0.02767,10.345,-54.873001,-13.493,0.731203,0.222351,0.233264,Updown,4
1.57684E+12,0.65242,9.056067,-2.328361,0.440589,-0.009578,0.006385,10.945,-54.723,-12.894,0.736988,0.221383,0.231721,Updown,4
1.57684E+12,0.702698,9.198523,-2.420538,0.307561,-0.02022,0.062789,10.795,-54.573002,-12.744,0.742143,0.220513,0.230128,Updown,4
1.57684E+12,0.717063,9.489418,-2.472013,0.25435,-0.022349,0.07556,10.345,-55.321999,-13.043,0.746699,0.219079,0.228876,Updown,4
1.57684E+12,0.732626,9.65821,-2.578555,0.180918,-0.034055,0.04789,10.795,-55.321999,-12.294,0.7499,0.216872,0.22821,Updown,4
1.57684E+12,0.694318,9.487024,-2.529474,0.114936,-0.052147,0.017028,10.195,-55.321999,-12.744,0.752588,0.215074,0.227141,Updown,4
1.57684E+12,0.703895,9.441534,-2.53546,0.04789,-0.064918,0.011706,10.195,-55.172001,-12.594,0.75462,0.213246,0.225766,Updown,4
1.57684E+12,0.678756,9.55047,-2.448071,-0.009578,-0.076624,0.014899,10.795,-55.021999,-12.444,0.756056,0.211083,0.224581,Updown,4
1.57684E+12,0.653617,9.643845,-2.40737,-0.073432,-0.076624,-0.008514,9.745,-55.021999,-12.894,0.756675,0.209451,0.223072,Updown,4
1.57684E+12,0.635661,9.576807,-2.329558,-0.110679,-0.077688,-0.025541,9.895,-55.172001,-12.444,0.756444,0.207492,0.221789,Updown,4
1.57684E+12,0.5782,9.409212,-2.22541,-0.202203,-0.074496,-0.048954,10.195,-55.172001,-13.043,0.755714,0.205459,0.22046,Updown,4
1.57684E+12,0.512359,9.142259,-1.945289,-0.341616,-0.073432,-0.058532,10.495,-55.172001,-13.493,0.75444,0.204034,0.21891,Updown,4
1.57684E+12,0.454898,8.896853,-1.662773,-0.540626,-0.063854,-0.063854,10.795,-54.573002,-13.043,0.751697,0.202634,0.21751,Updown,4
1.57684E+12,0.453701,8.783129,-1.486799,-0.784334,-0.041505,-0.046826,10.645,-54.873001,-13.643,0.747377,0.201618,0.216511,Updown,4
1.57684E+12,0.45849,8.924387,-1.426944,-1.038684,-0.019156,-0.008514,10.645,-54.272999,-14.543,0.741358,0.200246,0.216292,Updown,4
1.57684E+12,0.451307,9.376891,-1.575385,-1.152556,-0.012771,0.003193,10.495,-53.973,-15.442,0.734448,0.198244,0.21696,Updown,4
1.57684E+12,0.483629,9.149442,-1.103727,-1.361144,-0.028734,-0.019156,10.345,-53.223,-16.341999,0.728207,0.196286,0.217391,Updown,4
1.57684E+12,0.480037,9.088389,-0.764947,-1.582503,-0.051083,-0.051083,10.495,-53.373001,-18.141001,0.720256,0.193475,0.218642,Updown,4
1.57684E+12,0.472855,9.563639,-0.506374,-1.749586,-0.064918,-0.031927,10.195,-52.023998,-18.441,0.710335,0.189903,0.220359,Updown,4
1.57684E+12,0.544681,9.858126,-0.116119,-1.777256,-0.061725,0.014899,10.045,-51.574001,-19.940001,0.699068,0.186158,0.222212,Updown,4
1.57684E+12,0.557849,9.415198,0.345962,-1.821954,-0.052147,0.057468,9.895,-50.674999,-20.690001,0.687793,0.182062,0.224449,Updown,4
1.57684E+12,0.54109,9.312247,0.65242,-1.874101,-0.045762,0.070239,10.645,-49.924999,-22.188999,0.674976,0.177428,0.227636,Updown,4
1.57684E+12,0.506374,9.92636,0.714669,-1.959239,-0.041505,0.10323,10.045,-48.726002,-23.087999,0.661292,0.173593,0.230693,Updown,4
1.57684E+12,0.585382,10.547655,1.140837,-1.895385,-0.058532,0.089395,9.895,-48.726002,-24.288,0.649168,0.170478,0.23318,Updown,4
1.57684E+12,0.584185,10.267534,1.577779,-1.823018,-0.04789,-0.008514,10.345,-47.675999,-25.037001,0.637442,0.167353,0.23537,Updown,4
1.57684E+12,0.594959,9.804255,1.987187,-1.810247,-0.029798,-0.072367,9.595,-46.626999,-26.237,0.625846,0.165182,0.237048,Updown,4
1.57684E+12,0.56144,9.81503,2.184709,-1.792155,-0.037248,-0.053211,9.745,-45.727001,-26.987,0.613052,0.162533,0.239125,Updown,4
1.57684E+12,0.580594,10.105926,2.505532,-1.751715,-0.045762,-0.039376,9.745,-44.377998,-28.186001,0.600172,0.159757,0.241202,Updown,4
1.57684E+12,0.586579,10.086772,2.712631,-1.651677,-0.062789,-0.061725,10.045,-43.627998,-28.186001,0.589335,0.157396,0.242869,Updown,4
1.57684E+12,0.563834,9.682152,2.984372,-1.584631,-0.074496,-0.109615,9.445,-42.879002,-28.636,0.57918,0.155694,0.244099,Updown,4
1.57684E+12,0.539892,9.267955,3.33632,-1.556961,-0.101101,-0.109615,9.745,-41.528999,-29.535,0.56928,0.154037,0.245102,Updown,4
1.57684E+12,0.554258,9.939528,3.319561,-1.473952,-0.121322,-0.091523,10.195,-41.379002,-30.584999,0.557762,0.151661,0.246325,Updown,4
1.57684E+12,0.507571,10.099939,4.027047,-1.272813,-0.145799,-0.096844,10.195,-40.48,-31.184,0.549712,0.150424,0.246716,Updown,4
1.57684E+12,0.502782,9.774328,4.483142,-1.164262,-0.147927,-0.094716,10.045,-39.880001,-31.784,0.541342,0.149001,0.247086,Updown,4
1.57684E+12,0.411803,9.652224,4.616021,-0.972702,-0.144735,-0.071303,10.045,-39.43,-32.084,0.531353,0.146965,0.247817,Updown,4
1.57684E+12,0.393846,9.487024,4.817134,-0.832224,-0.138349,-0.054275,9.595,-38.681,-32.383999,0.523415,0.145684,0.248238,Updown,4
1.57684E+12,0.319626,9.254786,4.820725,-0.725802,-0.124514,-0.084074,8.996,-38.381001,-32.834,0.515211,0.144407,0.248706,Updown,4
1.57684E+12,0.265756,8.672996,5.06254,-0.65237,-0.110679,-0.078753,9.295,-38.081001,-32.534,0.508596,0.143418,0.248765,Updown,4
1.57684E+12,0.286107,8.89805,5.12,-0.612994,-0.087266,-0.048954,9.595,-37.631001,-32.834,0.49991,0.142358,0.249014,Updown,4
1.57684E+12,0.329203,9.018958,5.262455,-0.574682,-0.07556,-0.044697,9.145,-37.480999,-33.432999,0.49404,0.142236,0.249291,Updown,4
1.57684E+12,0.310049,8.974665,5.288792,-0.476773,-0.054275,-0.031927,9.295,-37.331001,-33.283001,0.48868,0.141767,0.249856,Updown,4
1.57684E+12,0.307655,8.912416,5.316325,-0.384185,-0.034055,-0.017028,9.595,-36.882,-32.984001,0.484626,0.141605,0.250396,Updown,4
1.57684E+12,0.365116,8.963891,5.294777,-0.291598,-0.017028,-0.002128,9.445,-36.582001,-32.834,0.481553,0.142225,0.250944,Updown,4
1.57684E+12,0.395043,9.093178,5.390545,-0.170276,-0.008514,0.013835,8.996,-36.882,-33.583,0.479819,0.142923,0.251732,Updown,4
1.57684E+12,0.408211,8.965088,5.424064,-0.05534,-0.003193,0.029798,8.996,-36.882,-33.733002,0.479272,0.143087,0.252718,Updown,4
1.57684E+12,0.409408,8.894459,5.380968,0.026606,-0.001064,0.023413,9.445,-36.731998,-33.733002,0.478831,0.142653,0.253988,Updown,4
1.57684E+12,0.405817,8.969876,5.306748,0.064918,0.003193,0.018092,9.145,-36.431999,-33.733002,0.479087,0.142862,0.255103,Updown,4
1.57684E+12,0.428562,9.305065,5.25647,0.193689,0.004257,0.017028,9.145,-37.181,-33.882999,0.479918,0.143326,0.256055,Updown,4
1.57684E+12,0.471658,9.351751,5.299565,0.35758,0.009578,0.018092,9.445,-37.480999,-33.432999,0.482862,0.144247,0.256561,Updown,4
1.57684E+12,0.497994,9.392453,5.160702,0.519342,0.015963,0.011706,8.846,-37.480999,-33.283001,0.486695,0.145416,0.257176,Updown,4
1.57684E+12,0.429759,9.975441,4.778827,0.716224,0.017028,0.012771,9.745,-38.081001,-32.984001,0.4914,0.146742,0.257529,Updown,4
1.57684E+12,0.444124,10.536881,4.775235,1.025913,0.018092,0.013835,9.295,-38.230999,-32.984001,0.50015,0.149875,0.256935,Updown,4
1.57684E+12,0.426168,10.455479,4.999093,1.204703,0.021285,0.011706,8.696,-38.980999,-31.934,0.510926,0.15333,0.255845,Updown,4
1.57684E+12,0.426168,10.229227,5.024232,1.498429,0.044697,0.017028,8.996,-40.029999,-31.483999,0.519837,0.15542,0.255208,Updown,4
1.57684E+12,0.423774,10.382456,4.66989,1.707017,0.08301,-0.02022,9.295,-41.379002,-30.885,0.528075,0.157595,0.254809,Updown,4
1.57684E+12,0.434548,10.369287,4.417302,1.902835,0.114936,-0.108551,8.996,-42.429001,-29.834999,0.537121,0.161003,0.253868,Updown,4
1.57684E+12,0.325611,9.76954,4.080917,2.10823,0.137285,-0.154313,9.445,-43.178001,-29.834999,0.54836,0.165831,0.251996,Updown,4
1.57684E+12,0.369904,9.692925,3.746926,2.260414,0.159634,-0.077688,10.045,-43.928001,-28.936001,0.559644,0.170771,0.249806,Updown,4
1.57684E+12,0.296881,9.830592,3.66672,2.313626,0.166019,-0.046826,9.595,-46.176998,-27.736,0.57112,0.175233,0.248304,Updown,4
1.57684E+12,0.339977,9.762358,3.174711,2.360451,0.187304,-0.085138,10.195,-47.375999,-26.237,0.581333,0.179647,0.246858,Updown,4
1.57684E+12,0.317232,9.564836,2.724602,2.354066,0.205395,-0.145799,10.195,-48.425999,-24.738001,0.592748,0.184658,0.245298,Updown,4
1.57684E+12,0.274136,9.220071,2.025495,2.311497,0.213909,-0.15112,9.895,-48.726002,-23.538,0.604642,0.190443,0.243102,Updown,4
1.57684E+12,0.345962,9.004593,1.328782,2.225295,0.21923,-0.086202,10.645,-50.075001,-22.188999,0.616806,0.19591,0.240878,Updown,4
1.57684E+12,0.332794,9.431957,0.751779,2.121001,0.213909,-0.02022,11.244,-50.674999,-20.389999,0.630352,0.201367,0.238671,Updown,4
1.57684E+12,0.372298,9.624691,0.42138,2.076303,0.205395,-0.017028,10.945,-51.874001,-19.040001,0.645049,0.207304,0.236167,Updown,4
1.57684E+12,0.369904,9.074024,0.004788,1.969881,0.186239,-0.02767,11.694,-52.624001,-17.990999,0.659856,0.212409,0.234009,Updown,4
1.57684E+12,0.347159,9.314642,-0.300472,1.760228,0.167083,0.003193,10.645,-53.073002,-17.091,0.673068,0.216905,0.231883,Updown,4
1.57684E+12,0.373495,9.179369,-1.128866,1.583567,0.146863,-0.040441,10.945,-53.973,-16.492001,0.685176,0.219833,0.230487,Updown,4
1.57684E+12,0.464475,8.796297,-1.526304,1.409034,0.110679,-0.010642,11.244,-54.272999,-14.993,0.697456,0.222352,0.228457,Updown,4
1.57684E+12,0.472855,9.120711,-1.669956,1.213217,0.077688,0.041505,10.795,-54.723,-14.993,0.710844,0.224549,0.226103,Updown,4
1.57684E+12,0.494403,9.289502,-1.833959,1.117436,0.067046,0.02767,11.094,-55.321999,-13.793,0.720424,0.224653,0.224911,Updown,4
1.57684E+12,0.490811,9.199719,-2.219425,0.928004,0.045762,-0.012771,10.795,-55.021999,-13.343,0.729093,0.224305,0.223777,Updown,4
1.57684E+12,0.508768,9.065644,-2.404976,0.766242,0.024477,0.001064,10.645,-55.321999,-12.294,0.737259,0.224278,0.221911,Updown,4
1.57684E+12,0.497994,9.226056,-2.589329,0.625764,-0.001064,0.019156,11.394,-55.321999,-11.994,0.744277,0.223635,0.220264,Updown,4
1.57684E+12,0.503979,9.222465,-2.762909,0.499122,-0.021285,0.002128,11.244,-55.472,-11.994,0.750471,0.223074,0.218316,Updown,4
1.57684E+12,0.509965,9.369708,-2.889802,0.384185,-0.041505,-0.005321,10.795,-56.071999,-11.694,0.755741,0.222265,0.216295,Updown,4
1.57684E+12,0.475249,9.348161,-2.898181,0.338424,-0.053211,-0.009578,11.244,-55.622002,-11.094,0.76014,0.220679,0.214379,Updown,4
1.57684E+12,0.459687,9.313444,-3.017891,0.253286,-0.071303,-0.006385,11.394,-55.771999,-11.094,0.763662,0.219356,0.212127,Updown,4
1.57684E+12,0.368707,9.271546,-2.904167,0.176661,-0.087266,-0.004257,10.945,-56.222,-11.244,0.766881,0.218244,0.209657,Updown,4
1.57684E+12,0.354342,9.271546,-2.887407,0.087266,-0.090459,-0.001064,11.094,-56.071999,-11.544,0.768841,0.216676,0.207242,Updown,4
1.57684E+12,0.319626,9.293094,-2.784456,-0.012771,-0.090459,-0.001064,10.795,-56.222,-11.094,0.770025,0.214562,0.205057,Updown,4
1.57684E+12,0.335188,9.26197,-2.717419,-0.131964,-0.084074,-0.013835,11.244,-55.922001,-11.544,0.77011,0.212468,0.203171,Updown,4
1.57684E+12,0.277727,9.015367,-2.516306,-0.196882,-0.076624,-0.024477,10.795,-56.071999,-11.844,0.769173,0.210321,0.201228,Updown,4
1.57684E+12,0.287304,8.893262,-2.419341,-0.358644,-0.069175,-0.013835,11.244,-55.771999,-11.844,0.767728,0.208453,0.199858,Updown,4
1.57684E+12,0.228646,8.730456,-2.193089,-0.570425,-0.053211,0.005321,11.094,-55.172001,-12.144,0.76551,0.206422,0.198584,Updown,4
1.57684E+12,0.185551,8.874108,-2.115277,-0.805618,-0.02767,0.026606,11.394,-55.622002,-12.444,0.761773,0.204477,0.197739,Updown,4
1.57684E+12,0.238223,9.13388,-1.974019,-1.033363,-0.009578,0.034055,10.645,-54.723,-13.493,0.756907,0.202702,0.197359,Updown,4
1.57684E+12,0.234632,9.060856,-1.758541,-1.252593,0.002128,0.045762,10.795,-54.423,-14.243,0.75058,0.199915,0.198076,Updown,4
1.57684E+12,0.295684,9.244013,-1.467646,-1.364337,0.004257,0.061725,11.094,-53.973,-15.142,0.743421,0.196929,0.199272,Updown,4
1.57684E+12,0.305261,9.363723,-1.283292,-1.555897,0.003193,0.085138,10.645,-53.823002,-16.191999,0.733848,0.19345,0.201305,Updown,4
1.57684E+12,0.379481,9.613916,-1.052252,-1.691054,-0.013835,0.05534,10.495,-53.373001,-17.541,0.725406,0.190226,0.203367,Updown,4
1.57684E+12,0.454898,9.680954,-0.750582,-1.78577,-0.032991,0.023413,10.345,-52.324001,-18.591,0.715494,0.186247,0.205926,Updown,4
1.57684E+12,0.53271,9.519346,-0.154426,-1.86133,-0.044697,0.029798,10.495,-52.324001,-19.790001,0.704833,0.182063,0.208614,Updown,4
1.57684E+12,0.549469,9.585186,0.275333,-1.959239,-0.054275,0.079817,10.195,-51.124001,-21.438999,0.692996,0.177712,0.21176,Updown,4
1.57684E+12,0.535104,9.976639,0.513556,-1.987973,-0.063854,0.100037,10.045,-50.375,-21.438999,0.678829,0.172334,0.215783,Updown,4
1.57684E+12,0.548272,10.163386,0.584185,-1.994358,-0.087266,0.101101,10.195,-49.474998,-22.789,0.666167,0.16838,0.218748,Updown,4
1.57684E+12,0.53271,10.084377,0.987608,-1.927312,-0.100037,0.06811,10.195,-48.425999,-24.138,0.654554,0.165232,0.220973,Updown,4
1.57684E+12,0.500388,9.809044,1.398214,-1.875165,-0.111744,0.056404,10.345,-47.675999,-24.438,0.643387,0.162448,0.222786,Updown,4
1.57684E+12,0.502782,9.878476,1.856703,-1.840045,-0.127707,0.073432,9.745,-46.626999,-26.087,0.630607,0.15983,0.224592,Updown,4
1.57684E+12,0.460884,10.311827,2.044648,-1.753843,-0.136221,0.065982,10.195,-45.577,-27.136,0.619082,0.157002,0.226376,Updown,4
1.57684E+12,0.417788,10.113108,2.596512,-1.621879,-0.14367,0.026606,9.895,-45.277,-28.035999,0.607625,0.154393,0.227792,Updown,4
1.57684E+12,0.403423,9.967061,2.762909,-1.576118,-0.136221,0.010642,9.445,-43.928001,-29.084999,0.596374,0.15235,0.228761,Updown,4
1.57684E+12,0.460884,9.613916,3.129222,-1.519714,-0.113872,-0.004257,8.696,-43.178001,-29.834999,0.584901,0.149737,0.229856,Updown,4
1.57684E+12,0.568623,9.697714,3.266888,-1.461181,-0.10323,0.015963,8.996,-42.578999,-29.834999,0.573611,0.146318,0.231477,Updown,4
1.57684E+12,0.537498,9.763555,3.502717,-1.328153,-0.12345,0.056404,9.145,-41.528999,-30.885,0.563114,0.142901,0.233467,Updown,4
1.57684E+12,0.503979,9.583989,3.908534,-1.191932,-0.152184,0.091523,9.145,-41.078999,-30.584999,0.554395,0.140605,0.234901,Updown,4
1.57684E+12,0.48722,9.500193,4.28203,-1.109987,-0.154313,0.084074,8.996,-40.630001,-31.334,0.545487,0.138507,0.236293,Updown,4
1.57684E+12,0.492008,9.329007,4.432864,-1.082317,-0.148992,0.065982,9.145,-39.880001,-31.634001,0.536501,0.136675,0.237619,Updown,4
1.57684E+12,0.535104,9.186552,4.358644,-1.020592,-0.131964,0.052147,8.546,-38.980999,-32.084,0.527792,0.135077,0.238839,Updown,4
1.57684E+12,0.580594,9.631873,4.757279,-0.8716,-0.126643,0.09578,8.696,-38.381001,-32.234001,0.52018,0.133431,0.240074,Updown,4
1.57684E+12,0.611719,9.794679,5.184644,-0.698132,-0.114936,0.081945,8.846,-38.530998,-32.383999,0.514026,0.131819,0.241468,Updown,4
1.57684E+12,0.551863,9.466673,5.29358,-0.557654,-0.08301,0.003193,8.696,-37.631001,-33.583,0.508711,0.130911,0.24274,Updown,4
1.57684E+12,0.608127,9.142259,5.309142,-0.443782,-0.048954,-0.02022,8.696,-37.631001,-34.033001,0.503457,0.130376,0.243661,Updown,4
1.57684E+12,0.579397,9.247604,5.400122,-0.3778,-0.034055,-0.010642,8.546,-37.480999,-34.033001,0.497694,0.129423,0.244879,Updown,4
1.57684E+12,0.600945,9.235633,5.488708,-0.23413,-0.00745,-0.008514,8.846,-37.480999,-34.182999,0.49365,0.129174,0.245789,Updown,4
1.57684E+12,0.56144,8.944737,5.456386,-0.121322,0.021285,-0.028734,8.546,-37.780998,-34.033001,0.490761,0.129513,0.246774,Updown,4
1.57684E+12,0.539892,8.802282,5.390545,-0.038312,0.043633,-0.017028,8.996,-37.480999,-33.132999,0.488477,0.130397,0.247595,Updown,4
1.57684E+12,0.555455,9.167398,5.298368,0.072367,0.05534,0.008514,8.546,-37.331001,-33.283001,0.486826,0.132117,0.248377,Updown,4
1.57684E+12,0.547075,9.249998,5.345055,0.224552,0.064918,0.011706,8.996,-37.181,-32.683998,0.487821,0.134196,0.24912,Updown,4
1.57684E+12,0.533907,9.165004,5.364209,0.295855,0.074496,0.015963,9.145,-37.631001,-32.683998,0.489797,0.136485,0.249821,Updown,4
1.57684E+12,0.4956,9.485827,5.090073,0.449103,0.09578,0.034055,9.445,-37.480999,-32.984001,0.49153,0.138732,0.250681,Updown,4
1.57684E+12,0.500388,9.989806,5.093664,0.677911,0.120257,0.042569,8.696,-38.381001,-32.234001,0.495637,0.141871,0.251203,Updown,4
1.57684E+12,0.413,10.544065,4.842273,0.963124,0.146863,0.041505,8.246,-38.980999,-33.132999,0.502193,0.145289,0.251494,Updown,4
1.57684E+12,0.592565,10.703279,4.93445,1.300483,0.17879,0.00745,8.846,-39.130001,-32.683998,0.510882,0.148603,0.251531,Updown,4
1.57684E+12,0.476446,10.071209,5.123591,1.595273,0.217102,-0.026606,9.445,-41.078999,-32.234001,0.521457,0.151822,0.25164,Updown,4
1.57684E+12,0.525527,9.923965,4.853047,1.698503,0.239451,-0.029798,9.295,-41.979,-31.184,0.529678,0.155636,0.251806,Updown,4
1.57684E+12,0.484826,10.530896,4.107253,1.90177,0.262864,-0.032991,8.996,-43.178001,-30.285,0.537827,0.159611,0.252127,Updown,4
1.57684E+12,0.508768,10.084377,4.250905,2.111423,0.266056,-0.09578,9.895,-43.478001,-28.785999,0.550069,0.165179,0.251408,Updown,4
1.57684E+12,0.469264,9.910798,3.481169,2.189111,0.287341,-0.168148,10.045,-44.678001,-27.436001,0.56106,0.170521,0.250804,Updown,4
1.57684E+12,0.5782,9.355343,3.14239,2.252965,0.285212,-0.156441,10.045,-45.727001,-26.687,0.572937,0.176912,0.249505,Updown,4
1.57684E+12,0.428562,9.446322,2.871845,2.280635,0.28202,-0.107487,10.495,-47.226002,-25.487,0.584553,0.182448,0.248634,Updown,4
1.57684E+12,0.501585,9.683349,2.464831,2.265735,0.283084,-0.102166,10.345,-48.276001,-23.538,0.597029,0.188402,0.2475,Updown,4
1.57684E+12,0.37589,9.683349,2.169147,2.2519,0.283084,-0.140478,10.345,-49.325001,-23.988001,0.609203,0.193954,0.246509,Updown,4
1.57684E+12,0.432153,10.086772,1.211466,2.215717,0.291598,-0.194753,10.495,-50.825001,-22.639,0.621268,0.199734,0.244968,Updown,4
1.57684E+12,0.51595,9.004593,0.814029,2.188047,0.27457,-0.193689,10.345,-51.424,-20.540001,0.634409,0.204787,0.243305,Updown,4
1.57684E+12,0.45849,9.475053,0.064643,2.086946,0.249029,-0.097909,10.795,-52.324001,-19.790001,0.647558,0.209678,0.241701,Updown,4
1.57684E+12,0.36751,9.756371,-0.229843,2.019899,0.209652,-0.100037,11.394,-53.373001,-17.691,0.663277,0.215038,0.239276,Updown,4
1.57684E+12,0.408211,9.130288,-0.690727,1.973073,0.191561,-0.127707,11.094,-53.673,-17.091,0.677252,0.220043,0.236493,Updown,4
1.57684E+12,0.350751,8.917204,-0.890643,1.80599,0.167083,-0.131964,11.394,-53.673,-15.442,0.690929,0.224291,0.233764,Updown,4
1.57684E+12,0.288501,9.088389,-1.538275,1.644228,0.135157,-0.101101,11.844,-54.123001,-13.943,0.702159,0.227686,0.231198,Updown,4
1.57684E+12,0.448913,8.787917,-1.851915,1.48353,0.092588,-0.05534,12.294,-54.423,-13.193,0.714628,0.231717,0.227564,Updown,4
1.57684E+12,0.389058,9.354146,-2.172738,1.288777,0.060661,-0.048954,11.694,-55.021999,-12.144,0.726085,0.234197,0.224709,Updown,4
1.57684E+12,0.363919,8.779537,-2.413355,1.10573,0.039376,-0.078753,11.844,-55.172001,-11.544,0.735453,0.235706,0.221874,Updown,4
1.57684E+12,0.344765,8.857349,-2.750938,1.011014,0.028734,-0.060661,11.394,-56.521999,-11.394,0.743835,0.236459,0.219216,Updown,4
1.57684E+12,0.381875,8.983045,-2.899378,0.838609,0.001064,-0.015963,11.544,-56.222,-11.094,0.752462,0.236447,0.216325,Updown,4
1.57684E+12,0.339977,8.871715,-3.064578,0.710902,-0.019156,0.005321,11.544,-56.672001,-10.495,0.759409,0.23502,0.214191,Updown,4
1.57684E+12,0.365116,8.991425,-3.16274,0.574682,-0.036184,0.050019,11.844,-56.821999,-10.345,0.765568,0.233384,0.211894,Updown,4
1.57684E+12,0.384269,9.10874,-3.228581,0.446975,-0.045762,0.058532,11.394,-57.120998,-10.045,0.770684,0.231324,0.20983,Updown,4
1.57684E+12,0.349553,9.066842,-3.411737,0.321396,-0.056404,0.062789,11.694,-57.120998,-9.295,0.774556,0.228642,0.208118,Updown,4
1.57684E+12,0.335188,9.165004,-3.354276,0.268185,-0.067046,0.076624,11.394,-56.372002,-8.096,0.77832,0.226365,0.2057,Updown,4
1.57684E+12,0.312443,9.138668,-3.318363,0.17134,-0.077688,0.088331,11.844,-56.222,-8.096,0.780713,0.224759,0.203532,Updown,4
1.57684E+12,0.35913,9.142259,-3.338714,0.072367,-0.074496,0.074496,11.544,-55.771999,-8.096,0.782439,0.223235,0.201201,Updown,4
1.57684E+12,0.345962,9.196129,-3.30759,-0.02767,-0.070239,0.074496,12.144,-56.222,-9.145,0.783631,0.221355,0.199126,Updown,4
1.57684E+12,0.341174,9.278728,-3.233369,-0.126643,-0.065982,0.064918,11.244,-56.071999,-8.396,0.783927,0.219436,0.197641,Updown,4
1.57684E+12,0.341174,9.166201,-3.154361,-0.238386,-0.062789,0.039376,10.945,-57.271,-9.295,0.783406,0.217072,0.196547,Updown,4
1.57684E+12,0.318429,9.011775,-2.9317,-0.368222,-0.057468,0.040441,11.544,-56.821999,-9.445,0.782296,0.214418,0.195775,Updown,4
1.57684E+12,0.323217,8.942343,-2.865859,-0.438461,-0.053211,0.045762,11.094,-56.521999,-9.745,0.780119,0.211836,0.195084,Updown,4
1.57684E+12,0.305261,9.053674,-2.748544,-0.602351,-0.04789,0.043633,11.094,-56.672001,-10.345,0.777802,0.209531,0.194424,Updown,4
1.57684E+12,0.308852,9.082404,-2.497152,-0.780077,-0.045762,0.029798,11.244,-56.071999,-10.495,0.774311,0.206796,0.194217,Updown,4
1.57684E+12,0.301669,9.040505,-2.312799,-0.976959,-0.040441,0.018092,10.795,-55.922001,-11.844,0.769659,0.204333,0.194404,Updown,4
1.57684E+12,0.344765,9.246407,-2.172738,-1.165327,-0.031927,0.026606,10.945,-55.172001,-11.394,0.763111,0.20121,0.195081,Updown,4
1.57684E+12,0.374693,9.330204,-1.915361,-1.327089,-0.030863,0.039376,11.694,-54.873001,-11.694,0.756803,0.198713,0.195995,Updown,4
1.57684E+12,0.355539,9.39365,-1.839944,-1.40052,-0.029798,0.034055,11.394,-54.123001,-13.943,0.748358,0.196626,0.197285,Updown,4
1.57684E+12,0.40462,9.557653,-1.509544,-1.540998,-0.031927,0.012771,11.544,-53.673,-14.243,0.741335,0.194726,0.198371,Updown,4
1.57684E+12,0.51595,10.415975,-1.890222,-1.622943,-0.035119,-0.02767,11.094,-52.924,-15.592,0.732232,0.19228,0.200064,Updown,4
1.57684E+12,0.572214,9.526528,-1.206678,-1.616558,-0.064918,-0.034055,10.495,-53.373001,-16.941999,0.725125,0.190043,0.201504,Updown,4
1.57684E+12,0.436942,9.494206,-1.031901,-1.652742,-0.093652,0.002128,10.795,-52.624001,-18.141001,0.716646,0.186189,0.203894,Updown,4
1.57684E+12,0.415394,9.562442,-0.45849,-1.719788,-0.114936,0.031927,10.645,-52.174,-19.49,0.708862,0.182825,0.205372,Updown,4
1.57684E+12,0.387861,9.619903,-0.274136,-1.755972,-0.121322,0.039376,10.645,-51.273998,-20.389999,0.698736,0.178834,0.207369,Updown,4
1.57684E+12,0.362722,9.967061,-0.046687,-1.81344,-0.129835,0.029798,10.495,-50.525002,-21.739,0.687561,0.175146,0.20899,Updown,4
1.57684E+12,0.402226,9.780313,0.302867,-1.85388,-0.134092,0.006385,10.345,-49.775002,-22.639,0.677843,0.172056,0.2101,Updown,4
1.57684E+12,0.389058,9.55047,0.739808,-1.900706,-0.131964,-0.011706,10.795,-48.576,-22.639,0.666679,0.168495,0.211524,Updown,4
1.57684E+12,0.354342,9.294291,1.25097,-1.973073,-0.126643,-0.015963,10.195,-47.675999,-24.288,0.654869,0.165967,0.212636,Updown,4
1.57684E+12,0.339977,9.688137,1.751359,-2.014578,-0.12345,0.004257,10.045,-46.626999,-25.037001,0.641111,0.162878,0.214368,Updown,4
1.57684E+12,0.318429,9.89763,2.00275,-2.007129,-0.117065,0.012771,10.195,-45.876999,-26.837,0.625955,0.159261,0.216478,Updown,4
1.57684E+12,0.329203,10.023325,2.226608,-1.930504,-0.107487,0.018092,10.195,-44.377998,-27.736,0.611573,0.156229,0.218258,Updown,4
1.57684E+12,0.391452,10.141838,2.606088,-1.799605,-0.104294,0.024477,10.195,-43.928001,-28.936001,0.59827,0.153403,0.220019,Updown,4
1.57684E+12,0.372298,10.156203,3.175909,-1.624008,-0.120257,0.019156,10.045,-43.478001,-29.684999,0.587094,0.151055,0.221564,Updown,4
1.57684E+12,0.275333,9.941922,3.798401,-1.448411,-0.146863,0.037248,9.595,-42.578999,-30.584999,0.575165,0.148289,0.223321,Updown,4
1.57684E+12,0.23104,9.840169,4.195838,-1.289841,-0.153248,0.064918,9.295,-41.679001,-31.634001,0.562464,0.145396,0.224912,Updown,4
1.57684E+12,0.23104,9.914389,4.31076,-1.22173,-0.150056,0.062789,9.445,-40.779999,-31.784,0.549509,0.142152,0.226591,Updown,4
1.57684E+12,0.25618,9.636662,4.477157,-1.097216,-0.131964,0.009578,10.045,-40.18,-31.184,0.538822,0.140016,0.22771,Updown,4
1.57684E+12,0.286107,8.893262,4.624401,-1.011014,-0.116001,-0.00745,9.595,-39.43,-31.934,0.5294,0.139363,0.228364,Updown,4
1.57684E+12,0.314838,8.780735,4.878186,-0.963124,-0.100037,0.048954,8.996,-39.580002,-32.084,0.519458,0.13857,0.229227,Updown,4
1.57684E+12,0.335188,9.234436,5.081693,-0.892885,-0.077688,0.064918,9.445,-38.681,-32.534,0.509247,0.136709,0.230908,Updown,4
1.57684E+12,0.403423,9.306262,5.32231,-0.78327,-0.064918,0.046826,9.445,-38.081001,-32.534,0.501305,0.13556,0.232587,Updown,4
1.57684E+12,0.36751,9.294291,5.408502,-0.72793,-0.058532,0.034055,9.295,-37.780998,-33.132999,0.495106,0.13499,0.234058,Updown,4
1.57684E+12,0.444124,9.093178,5.382165,-0.619379,-0.048954,-0.003193,8.696,-37.480999,-33.583,0.48935,0.134655,0.235397,Updown,4
1.57684E+12,0.456095,8.88967,5.396531,-0.509764,-0.046826,-0.002128,8.546,-37.181,-34.033001,0.484502,0.133571,0.236863,Updown,4
1.57684E+12,0.460884,8.948329,5.494693,-0.401213,-0.048954,0.018092,8.696,-37.030998,-33.733002,0.480426,0.132218,0.23828,Updown,4
1.57684E+12,0.398635,9.208099,5.523423,-0.279891,-0.045762,0.008514,9.595,-36.882,-34.333,0.477589,0.131383,0.239565,Updown,4
1.57684E+12,0.457293,9.124303,5.604826,-0.136221,-0.039376,-0.00745,8.846,-37.030998,-33.733002,0.476741,0.132278,0.240203,Updown,4
1.57684E+12,0.44173,8.911219,5.627571,-0.067046,-0.032991,-0.004257,9.145,-36.282001,-33.432999,0.476599,0.133104,0.24075,Updown,4
1.57684E+12,0.470461,8.901642,5.6156,0.046826,-0.015963,0.011706,8.996,-36.731998,-33.882999,0.476168,0.133804,0.241463,Updown,4
1.57684E+12,0.432153,9.255983,5.474342,0.174533,-0.002128,0.025541,8.996,-36.282001,-34.033001,0.476324,0.134304,0.242359,Updown,4
1.57684E+12,0.423774,9.41041,5.493496,0.35013,0.00745,0.034055,8.996,-36.731998,-33.733002,0.478698,0.135449,0.243035,Updown,4
1.57684E+12,0.430956,9.198523,5.403713,0.506571,0.022349,0.037248,9.445,-37.181,-33.733002,0.482693,0.136944,0.243537,Updown,4
1.57684E+12,0.480037,9.13388,5.100847,0.628957,0.039376,0.045762,9.145,-37.931,-33.132999,0.48685,0.138729,0.244084,Updown,4
1.57684E+12,0.464475,9.404424,4.855441,0.689618,0.041505,0.052147,8.696,-38.230999,-33.583,0.492348,0.140887,0.244613,Updown,4
1.57684E+12,0.471658,9.60434,4.771644,0.842866,0.051083,0.069175,8.696,-38.681,-33.132999,0.499254,0.142773,0.245035,Updown,4
1.57684E+12,0.4956,9.916783,4.728548,1.042941,0.059597,0.06811,9.295,-39.279999,-32.234001,0.507406,0.144474,0.24558,Updown,4
1.57684E+12,0.563834,9.853337,4.599261,1.223859,0.076624,0.056404,8.696,-40.029999,-32.383999,0.516161,0.147101,0.245636,Updown,4
1.57684E+12,0.565032,10.181342,4.113238,1.424998,0.084074,0.041505,9.145,-41.078999,-31.483999,0.525175,0.149291,0.246055,Updown,4
1.57684E+12,0.59855,10.353725,4.150349,1.66232,0.076624,0.039376,9.145,-41.528999,-31.334,0.537238,0.152532,0.245695,Updown,4
1.57684E+12,0.580594,10.879252,4.018668,1.774063,0.078753,0.023413,9.895,-42.578999,-29.834999,0.54871,0.155563,0.245204,Updown,4
1.57684E+12,0.597353,10.500969,3.95163,2.003936,0.093652,-0.077688,8.846,-43.778,-29.385,0.561658,0.15972,0.244178,Updown,4
1.57684E+12,0.509965,9.297882,3.85227,2.159313,0.097909,-0.07556,9.445,-44.827999,-28.186001,0.572433,0.163279,0.243103,Updown,4
1.57684E+12,0.422577,9.595961,3.37343,2.186983,0.106423,0.012771,9.595,-46.626999,-26.837,0.581205,0.166537,0.242267,Updown,4
1.57684E+12,0.44173,9.654618,2.800019,2.167827,0.118129,-0.045762,9.745,-47.675999,-25.487,0.59037,0.170605,0.241343,Updown,4
1.57684E+12,0.497994,9.157822,2.234987,2.081625,0.135157,-0.08301,9.445,-48.276001,-25.187,0.601539,0.175764,0.239651,Updown,4
1.57684E+12,0.430956,9.459491,1.714248,2.024156,0.144735,-0.063854,9.595,-49.325001,-23.688,0.612746,0.180234,0.238109,Updown,4
1.57684E+12,0.545878,9.388862,1.381454,2.001807,0.147927,-0.06811,9.745,-50.224998,-22.938999,0.626434,0.185359,0.235828,Updown,4
1.57684E+12,0.476446,9.113528,0.919373,1.920926,0.153248,-0.041505,9.295,-51.574001,-21.438999,0.637977,0.189004,0.234516,Updown,4
1.57684E+12,0.48722,9.378088,0.208296,1.810247,0.141542,0.014899,9.895,-52.023998,-20.24,0.65022,0.192854,0.232888,Updown,4
1.57684E+12,0.543484,9.654618,-0.003591,1.724045,0.12345,0.029798,10.195,-52.324001,-19.790001,0.663075,0.196364,0.231247,Updown,4
1.57684E+12,0.580594,9.673772,-0.537498,1.589952,0.122386,-0.024477,10.345,-52.773998,-17.541,0.676117,0.199319,0.229719,Updown,4
1.57684E+12,0.582988,9.429564,-1.173159,1.501622,0.111744,-0.029798,10.195,-53.223,-16.941999,0.687707,0.20244,0.227905,Updown,4
1.57684E+12,0.627281,9.327809,-1.262941,1.48353,0.094716,-0.001064,10.345,-53.823002,-15.892,0.701019,0.205903,0.225289,Updown,4
1.57684E+12,0.638055,9.386468,-1.340753,1.40797,0.06811,0.04789,10.195,-54.423,-14.693,0.712561,0.207984,0.223432,Updown,4
1.57684E+12,0.665588,9.423577,-1.640028,1.271749,0.052147,0.025541,10.645,-54.272999,-14.243,0.722119,0.208883,0.222312,Updown,4
1.57684E+12,0.614113,9.101558,-2.005144,1.138721,0.028734,0.026606,10.195,-55.172001,-13.943,0.730843,0.209782,0.22091,Updown,4
1.57684E+12,0.713472,9.278728,-2.207454,1.000372,-0.002128,0.065982,10.045,-55.472,-13.493,0.739279,0.210325,0.219079,Updown,4
1.57684E+12,0.727837,9.070433,-2.419341,0.855637,-0.019156,0.045762,9.595,-55.922001,-12.444,0.747535,0.209079,0.217983,Updown,4
1.57684E+12,0.68115,8.960299,-2.537854,0.77582,-0.029798,0.04789,10.495,-56.372002,-11.994,0.75405,0.207939,0.216626,Updown,4
1.57684E+12,0.700304,8.923189,-2.642002,0.612994,-0.036184,0.07556,9.445,-56.222,-11.544,0.760581,0.207349,0.214576,Updown,4
1.57684E+12,0.685939,9.204508,-2.79523,0.456553,-0.031927,0.090459,10.345,-56.071999,-11.094,0.765704,0.205869,0.213062,Updown,4
1.57684E+12,0.659603,9.179369,-2.944868,0.321396,-0.02767,0.061725,10.345,-55.922001,-10.945,0.769464,0.204406,0.211671,Updown,4
1.57684E+12,0.663194,9.089586,-2.959233,0.194753,-0.023413,0.04789,10.045,-56.071999,-10.945,0.772623,0.203678,0.209793,Updown,4
1.57684E+12,0.654814,9.118317,-2.92332,0.067046,-0.02022,0.042569,9.895,-55.922001,-9.895,0.775025,0.202566,0.20814,Updown,4
1.57684E+12,0.690727,9.099163,-2.937685,0.002128,-0.017028,0.038312,10.045,-56.521999,-10.195,0.776308,0.201347,0.206786,Updown,4
1.57684E+12,0.693121,9.27394,-2.936488,-0.129835,-0.010642,0.028734,10.195,-55.922001,-10.495,0.777161,0.200137,0.205775,Updown,4
1.57684E+12,0.707487,9.143456,-2.870648,-0.251157,-0.011706,0.017028,10.345,-56.372002,-10.795,0.777112,0.198746,0.205017,Updown,4
1.57684E+12,0.730232,9.102755,-2.853888,-0.380993,-0.017028,0.021285,10.195,-56.372002,-11.244,0.776323,0.197335,0.204524,Updown,4
1.57684E+12,0.699107,9.172187,-2.640805,-0.509764,-0.029798,0.030863,10.045,-55.771999,-11.244,0.775089,0.195503,0.204315,Updown,4
1.57684E+12,0.676362,9.173384,-2.445677,-0.661948,-0.041505,0.013835,9.595,-55.622002,-11.994,0.772627,0.193445,0.204312,Updown,4
1.57684E+12,0.676362,9.173384,-2.336741,-0.743893,-0.044697,0.001064,9.595,-55.622002,-12.744,0.768745,0.190869,0.204711,Updown,4
1.57684E+12,0.714669,9.267955,-2.124854,-0.912041,-0.044697,-0.004257,10.195,-55.021999,-12.744,0.763844,0.187963,0.205143,Updown,4
1.57684E+12,0.72664,9.342175,-1.94888,-1.070611,-0.045762,0.001064,9.445,-55.021999,-13.493,0.759141,0.18603,0.205573,Updown,4
1.57684E+12,0.756568,9.586384,-1.921347,-1.203639,-0.059597,-0.012771,9.595,-54.723,-14.693,0.752742,0.183476,0.206583,Updown,4
1.57684E+12,0.714669,9.352949,-1.406593,-1.320703,-0.081945,-0.030863,10.045,-53.973,-15.892,0.746119,0.180622,0.207565,Updown,4
1.57684E+12,0.709881,9.515755,-1.122881,-1.464374,-0.092588,-0.048954,10.345,-53.223,-16.642,0.73811,0.177829,0.208566,Updown,4
1.57684E+12,0.703895,9.502586,-0.859518,-1.53887,-0.096844,-0.061725,10.345,-53.373001,-16.941999,0.728371,0.175214,0.20967,Updown,4
1.57684E+12,0.709881,9.588778,-0.616507,-1.653806,-0.102166,-0.057468,9.895,-52.924,-18.441,0.718484,0.173322,0.210593,Updown,4
1.57684E+12,0.661997,9.51336,-0.223858,-1.717659,-0.102166,-0.031927,9.895,-51.874001,-19.49,0.707715,0.170749,0.211877,Updown,4
1.57684E+12,0.60693,9.532514,-0.098162,-1.771935,-0.094716,0.030863,9.445,-51.124001,-20.690001,0.696771,0.167806,0.213438,Updown,4
1.57684E+12,0.646434,9.795877,0.201113,-1.83366,-0.080881,0.037248,9.145,-50.075001,-22.339001,0.685943,0.164778,0.215009,Updown,4
1.57684E+12,0.651223,10.133458,0.289698,-1.812375,-0.088331,0.050019,9.595,-49.174999,-23.238001,0.674205,0.161136,0.2169,Updown,4
1.57684E+12,0.638055,9.861716,0.869095,-1.77832,-0.10323,0.052147,9.145,-48.875999,-23.837999,0.66459,0.158245,0.218257,Updown,4
1.57684E+12,0.626084,9.803059,1.092953,-1.731494,-0.127707,0.044697,9.445,-47.976002,-24.587999,0.65374,0.155163,0.219872,Updown,4
1.57684E+12,0.608127,9.376891,1.662773,-1.749586,-0.138349,0.056404,8.696,-46.926998,-25.787001,0.642955,0.152458,0.2211,Updown,4
1.57684E+12,0.602142,9.72405,1.930924,-1.768742,-0.138349,0.089395,9.145,-46.327,-26.987,0.630664,0.14891,0.22296,Updown,4
1.57684E+12,0.553061,10.001778,2.47321,-1.700632,-0.135157,0.101101,8.996,-45.277,-28.035999,0.618056,0.145373,0.22483,Updown,4
1.57684E+12,0.548272,9.640253,3.05979,-1.646356,-0.105358,0.072367,8.846,-44.678001,-28.486,0.605463,0.142566,0.226402,Updown,4
1.57684E+12,0.548272,9.289502,3.572149,-1.638907,-0.084074,0.062789,8.546,-43.627998,-29.235001,0.590844,0.139613,0.228482,Updown,4
1.57684E+12,0.579397,9.258378,3.78643,-1.666577,-0.048954,0.052147,8.846,-42.879002,-30.434999,0.574717,0.13672,0.230947,Updown,4
1.57684E+12,0.633266,9.964667,3.62961,-1.649549,-0.021285,0.036184,8.846,-41.979,-30.885,0.559828,0.13437,0.233319,Updown,4
1.57684E+12,0.736217,10.087969,4.185064,-1.482466,-0.011706,0.001064,8.096,-40.779999,-31.334,0.547635,0.133122,0.235308,Updown,4
1.57684E+12,0.663194,9.648633,4.452018,-1.301547,0.004257,-0.023413,8.396,-39.880001,-31.784,0.53857,0.131786,0.237013,Updown,4
1.57684E+12,0.667982,9.344569,4.730942,-1.178097,0.017028,-0.017028,8.996,-39.43,-32.084,0.52848,0.130392,0.238845,Updown,4
1.57684E+12,0.724246,9.469068,4.942829,-1.131271,0.024477,-0.019156,8.696,-38.530998,-32.383999,0.51843,0.12967,0.240788,Updown,4
1.57684E+12,0.72664,9.297882,5.00867,-1.039748,0.039376,-0.064918,8.696,-38.081001,-33.583,0.509354,0.12921,0.242778,Updown,4
1.57684E+12,0.742203,8.829816,5.12838,-0.95461,0.044697,-0.08301,8.696,-37.480999,-33.283001,0.501982,0.128583,0.244513,Updown,4
1.57684E+12,0.672771,8.834604,5.216965,-0.855637,0.035119,-0.024477,8.396,-37.181,-33.733002,0.49305,0.12757,0.246638,Updown,4
1.57684E+12,0.642843,9.25359,5.331887,-0.722609,0.026606,-0.002128,8.696,-36.882,-33.882999,0.486691,0.127014,0.248333,Updown,4
1.57684E+12,0.707487,9.006987,5.54138,-0.58426,0.025541,-0.041505,8.696,-36.282001,-33.733002,0.482273,0.127527,0.249761,Updown,4
1.57684E+12,0.712275,8.798691,5.656301,-0.455488,0.026606,-0.036184,8.396,-36.132,-34.033001,0.478802,0.127753,0.251004,Updown,4
1.57684E+12,0.718261,8.754398,5.716156,-0.387378,0.021285,-0.013835,8.396,-35.832001,-34.333,0.474739,0.127453,0.252616,Updown,4
1.57684E+12,0.665588,8.84059,5.740098,-0.257542,0.010642,0.013835,8.846,-35.532001,-34.033001,0.471366,0.126981,0.254243,Updown,4
1.57684E+12,0.646434,8.882488,5.752069,-0.147927,0.004257,-0.006385,8.996,-35.382,-33.882999,0.46949,0.127383,0.255623,Updown,4
1.57684E+12,0.657208,8.948329,5.796362,-0.021285,0.002128,-0.021285,8.546,-35.681999,-34.483002,0.46903,0.128996,0.256521,Updown,4
1.57684E+12,0.663194,9.097966,5.778406,0.135157,-0.002128,-0.006385,8.396,-35.382,-34.182999,0.46927,0.129994,0.257284,Updown,4
1.57684E+12,0.661997,9.607931,5.704185,0.354387,-0.010642,0.012771,8.846,-35.832001,-34.033001,0.47072,0.130714,0.258171,Updown,4
1.57684E+12,0.679953,9.770737,5.644331,0.487415,-0.015963,0.009578,8.846,-36.731998,-33.882999,0.475216,0.132643,0.258304,Updown,4
1.57684E+12,0.577003,10.05445,5.62398,0.790719,-0.013835,-0.002128,8.696,-37.030998,-33.283001,0.481071,0.135091,0.258288,Updown,4
1.57684E+12,0.603339,10.06283,5.761646,1.118501,0.00745,-0.00745,8.846,-37.780998,-33.283001,0.488914,0.138409,0.25757,Updown,4
1.57684E+12,0.677559,9.858126,5.511452,1.418612,0.043633,-0.003193,8.396,-38.230999,-33.283001,0.497461,0.141807,0.256876,Updown,4
1.57684E+12,0.603339,9.751583,5.224148,1.661255,0.072367,0.006385,8.696,-39.279999,-32.383999,0.505552,0.14404,0.256717,Updown,4
1.57684E+12,0.542287,9.610326,5.117606,1.85388,0.093652,0.00745,8.696,-40.779999,-32.084,0.515354,0.147239,0.256325,Updown,4
1.57684E+12,0.537498,9.860519,4.841076,1.924119,0.112808,-0.00745,9.295,-41.828999,-30.885,0.5252,0.151165,0.255772,Updown,4
1.57684E+12,0.603339,9.855731,4.471171,2.04012,0.15112,-0.086202,8.996,-42.578999,-30.735001,0.536069,0.156044,0.254756,Updown,4
1.57684E+12,0.562637,9.325416,4.268862,2.118872,0.175597,-0.138349,9.745,-44.377998,-29.385,0.547227,0.160923,0.253703,Updown,4
1.57684E+12,0.447716,9.532514,3.537433,2.171019,0.190496,-0.144735,9.295,-45.277,-28.186001,0.557034,0.165815,0.25254,Updown,4
1.57684E+12,0.484826,8.706514,3.236961,2.149735,0.197946,-0.118129,9.595,-46.477001,-27.285999,0.570776,0.172825,0.250228,Updown,4
1.57684E+12,0.477643,9.077616,2.408567,2.046505,0.217102,-0.052147,9.445,-46.626999,-25.787001,0.579675,0.176723,0.249575,Updown,4
1.57684E+12,0.460884,9.545682,2.007538,2.013514,0.220295,-0.039376,9.745,-48.276001,-24.738001,0.592319,0.182031,0.248279,Updown,4
1.57684E+12,0.468066,9.886856,1.408988,2.000743,0.220295,-0.060661,9.745,-48.576,-23.688,0.607382,0.187922,0.246411,Updown,4
1.57684E+12,0.512359,9.525331,1.477222,1.985844,0.212845,-0.092588,10.045,-49.625,-22.188999,0.621744,0.193267,0.244532,Updown,4
1.57684E+12,0.477643,9.352949,0.604536,1.904963,0.217102,-0.088331,10.045,-50.974998,-21.139,0.634512,0.197766,0.243208,Updown,4
1.57684E+12,0.51595,9.408015,0.246603,1.842174,0.195817,-0.00745,10.045,-51.874001,-20.389999,0.64727,0.202498,0.241331,Updown,4
1.57684E+12,0.566229,10.041282,-0.356736,1.768742,0.185175,0.012771,10.795,-52.324001,-19.040001,0.660991,0.206227,0.239819,Updown,4
1.57684E+12,0.56982,10.125079,-0.502782,1.757036,0.17879,-0.014899,10.645,-52.624001,-18.441,0.674999,0.209872,0.238111,Updown,4
1.57684E+12,0.581791,9.464279,-0.599748,1.713403,0.159634,-0.054275,11.244,-52.773998,-17.391001,0.687555,0.213101,0.236326,Updown,4
1.57684E+12,0.577003,9.391256,-1.192312,1.598466,0.145799,-0.001064,10.645,-53.673,-16.191999,0.698086,0.21567,0.234856,Updown,4
1.57684E+12,0.582988,9.561244,-1.345541,1.506943,0.118129,0.012771,10.945,-54.123001,-15.142,0.708819,0.21782,0.233272,Updown,4
1.57684E+12,0.581791,9.306262,-2.032677,1.40052,0.093652,-0.014899,10.945,-54.873001,-13.943,0.718987,0.219515,0.231584,Updown,4
1.57684E+12,0.690727,9.185354,-1.980005,1.287712,0.064918,0.009578,10.645,-55.622002,-12.744,0.729671,0.221537,0.229016,Updown,4
1.57684E+12,0.641646,9.185354,-2.110489,1.223859,0.056404,0.011706,10.645,-55.622002,-12.144,0.738554,0.222276,0.227241,Updown,4
1.57684E+12,0.699107,9.229648,-2.506729,1.088702,0.042569,-0.001064,10.645,-55.922001,-11.694,0.74641,0.222515,0.225577,Updown,4
1.57684E+12,0.684742,8.936357,-2.749741,0.957803,0.02022,0.011706,10.795,-56.222,-10.645,0.753501,0.22249,0.223881,Updown,4
1.57684E+12,0.709881,9.040505,-2.855085,0.817325,-0.003193,0.044697,10.345,-56.521999,-10.195,0.76081,0.222435,0.221741,Updown,4
1.57684E+12,0.705092,9.074024,-3.009511,0.666205,-0.028734,0.02767,10.495,-56.972,-9.745,0.767006,0.22142,0.220054,Updown,4
1.57684E+12,0.68953,8.933964,-3.126827,0.50125,-0.051083,0.015963,10.495,-56.372002,-9.295,0.771908,0.220049,0.218412,Updown,4
1.57684E+12,0.663194,8.900445,-3.193865,0.420369,-0.062789,0.02022,10.645,-56.821999,-9.445,0.776159,0.218762,0.216352,Updown,4
1.57684E+12,0.632069,8.956708,-3.223793,0.261799,-0.085138,0.029798,10.495,-57.120998,-8.996,0.779618,0.217311,0.214215,Updown,4
1.57684E+12,0.635661,9.030929,-3.260903,0.107487,-0.101101,0.023413,10.945,-56.672001,-9.595,0.782124,0.215508,0.212105,Updown,4
1.57684E+12,0.604536,9.136273,-3.269282,-0.028734,-0.111744,0.019156,10.945,-56.372002,-9.445,0.783667,0.213536,0.21007,Updown,4
1.57684E+12,0.557849,9.197326,-3.126827,-0.154313,-0.116001,0.014899,11.094,-56.972,-9.145,0.784269,0.211617,0.207921,Updown,4
1.57684E+12,0.529119,8.949526,-3.055001,-0.292662,-0.104294,-0.024477,10.495,-56.372002,-9.445,0.78352,0.209898,0.205938,Updown,4
1.57684E+12,0.507571,8.871715,-2.980781,-0.368222,-0.098973,-0.018092,10.945,-56.222,-9.595,0.782146,0.208101,0.204087,Updown,4
1.57684E+12,0.505177,8.956708,-2.932897,-0.527856,-0.089395,0.008514,10.345,-56.372002,-9.895,0.780422,0.206397,0.202435,Updown,4
1.57684E+12,0.493206,9.217676,-2.877831,-0.668333,-0.071303,0.026606,10.645,-56.521999,-10.645,0.778205,0.204208,0.20134,Updown,4
1.57684E+12,0.512359,9.172187,-2.658761,-0.80349,-0.053211,0.012771,10.795,-56.071999,-11.094,0.774836,0.201439,0.200778,Updown,4
1.57684E+12,0.4956,9.142259,-2.445677,-0.950353,-0.039376,-0.014899,10.195,-55.771999,-12.144,0.770678,0.19919,0.200661,Updown,4
1.57684E+12,0.537498,9.525331,-2.449268,-1.10573,-0.028734,-0.025541,10.645,-55.321999,-12.594,0.765073,0.196294,0.200987,Updown,4
1.57684E+12,0.5782,9.537302,-2.027889,-1.174905,-0.030863,-0.032991,10.195,-55.021999,-13.343,0.759765,0.194005,0.201477,Updown,4
1.57684E+12,0.555455,9.488221,-1.926135,-1.306869,-0.044697,-0.063854,10.195,-54.573002,-14.543,0.752394,0.190989,0.202803,Updown,4
1.57684E+12,0.553061,9.25359,-1.555034,-1.444154,-0.05534,-0.100037,10.345,-53.973,-15.292,0.745043,0.188109,0.203807,Updown,4
1.57684E+12,0.472855,9.283517,-1.247379,-1.581439,-0.065982,-0.100037,10.495,-53.673,-16.642,0.73692,0.185548,0.204729,Updown,4
1.57684E+12,0.476446,9.81503,-0.909797,-1.707017,-0.062789,-0.06811,10.195,-53.073002,-16.941999,0.727489,0.183173,0.205517,Updown,4
1.57684E+12,0.520739,9.616311,-0.232238,-1.787898,-0.054275,-0.053211,10.495,-52.624001,-18.291,0.716886,0.180654,0.20659,Updown,4
1.57684E+12,0.456095,9.428366,-0.069432,-1.843238,-0.051083,-0.032991,10.645,-51.574001,-19.790001,0.702989,0.177222,0.209091,Updown,4
1.57684E+12,0.468066,9.277532,0.144849,-1.864522,-0.056404,-0.001064,10.195,-50.825001,-19.639999,0.690584,0.174588,0.211045,Updown,4
1.57684E+12,0.328006,9.651027,0.401029,-1.900706,-0.063854,0.078753,10.345,-49.775002,-22.039,0.677776,0.172052,0.213004,Updown,4
1.57684E+12,0.420182,10.113108,0.766145,-1.897514,-0.06811,0.097909,9.595,-49.025002,-22.789,0.666728,0.169811,0.214629,Updown,4
1.57684E+12,0.444124,10.087969,1.278504,-1.851752,-0.070239,0.04789,9.745,-48.425999,-23.988001,0.654202,0.166288,0.217015,Updown,4
1.57684E+12,0.462081,9.879673,1.636437,-1.811311,-0.084074,0.031927,10.045,-47.526001,-25.187,0.640846,0.162773,0.219405,Updown,4
1.57684E+12,0.380678,10.024523,1.898602,-1.73788,-0.102166,0.061725,9.745,-46.926998,-26.837,0.628329,0.159747,0.221581,Updown,4
1.57684E+12,0.390255,10.243592,1.98599,-1.670834,-0.107487,0.07556,9.295,-46.027,-26.837,0.616201,0.156805,0.223389,Updown,4
1.57684E+12,0.392649,10.526108,2.63841,-1.492044,-0.096844,0.06811,9.595,-45.126999,-27.886,0.606231,0.154464,0.224659,Updown,4
1.57684E+12,0.350751,10.229227,3.129222,-1.338795,-0.060661,0.023413,9.895,-44.377998,-28.035999,0.596023,0.152319,0.225969,Updown,4
1.57684E+12,0.413,9.652224,3.360262,-1.251529,-0.019156,0.008514,10.195,-43.627998,-28.785999,0.584899,0.151078,0.227252,Updown,4
1.57684E+12,0.47884,9.668983,3.402161,-1.182354,0.002128,0.056404,9.445,-43.028,-29.084999,0.573362,0.15007,0.229078,Updown,4
1.57684E+12,0.505177,9.975441,3.620033,-1.068482,-0.001064,0.085138,9.745,-42.729,-29.385,0.564019,0.148763,0.231327,Updown,4
1.57684E+12,0.506374,9.937134,3.715801,-1.012078,-0.001064,0.071303,9.595,-41.979,-30.135,0.555952,0.147777,0.233692,Updown,4
1.57684E+12,0.509965,9.540894,3.955221,-0.924812,-0.00745,0.041505,9.895,-41.979,-30.584999,0.549696,0.146981,0.235664,Updown,4
1.57684E+12,0.527921,9.396045,4.067749,-0.864151,-0.012771,0.04789,9.595,-41.229,-31.034,0.54285,0.146243,0.237644,Updown,4
1.57684E+12,0.563834,9.801862,4.089296,-0.754536,-0.029798,0.067046,9.145,-41.078999,-31.784,0.536306,0.14523,0.239705,Updown,4
1.57684E+12,0.585382,10.02572,4.455609,-0.593838,-0.046826,0.061725,9.445,-40.029999,-32.084,0.532013,0.144087,0.241557,Updown,4
1.57684E+12,0.517148,9.50139,4.56694,-0.441653,-0.045762,0.018092,9.595,-40.18,-31.784,0.528122,0.142868,0.243267,Updown,4
1.57684E+12,0.565032,9.300277,4.630386,-0.390571,-0.044697,0.015963,9.445,-40.029999,-31.634001,0.524354,0.142573,0.244452,Updown,4
1.57684E+12,0.519542,9.235633,4.692635,-0.317139,-0.036184,0.031927,9.145,-39.580002,-31.934,0.520297,0.142292,0.245757,Updown,4
1.57684E+12,0.542287,9.324219,4.756082,-0.238386,-0.023413,0.023413,9.445,-39.279999,-31.934,0.516823,0.142038,0.247058,Updown,4
1.57684E+12,0.525527,9.264363,4.857835,-0.155377,-0.00745,0.010642,8.546,-39.43,-32.084,0.514426,0.142333,0.248111,Updown,4
1.57684E+12,0.533907,9.263166,4.820725,-0.077688,0.006385,0.013835,9.295,-39.580002,-32.234001,0.511688,0.142352,0.24939,Updown,4
1.57684E+12,0.621295,9.624691,4.644751,0.035119,0.019156,0.004257,9.295,-39.43,-32.234001,0.510427,0.142867,0.250323,Updown,4
1.57684E+12,0.693121,9.892841,4.497508,0.122386,0.021285,-0.002128,8.546,-39.73,-32.234001,0.511933,0.144212,0.251054,Updown,4
1.57684E+12,0.65242,9.986216,4.933252,0.359708,0.002128,-0.001064,9.145,-39.580002,-32.534,0.515752,0.144981,0.251748,Updown,4
1.57684E+12,0.61531,9.927557,4.844667,0.585324,-0.004257,0.021285,8.546,-40.18,-32.234001,0.51849,0.145669,0.252276,Updown,4
1.57684E+12,0.661997,10.119093,4.568137,0.792848,-0.002128,0.024477,9.445,-41.078999,-31.784,0.521718,0.146094,0.253013,Updown,4
1.57684E+12,0.618901,10.514136,4.243722,1.053583,0.003193,0.00745,9.295,-41.528999,-30.735001,0.527677,0.148164,0.252906,Updown,4
1.57684E+12,0.604536,10.345345,4.408922,1.32496,0.006385,0.004257,8.996,-41.979,-30.135,0.538523,0.152735,0.251494,Updown,4
1.57684E+12,0.594959,10.220847,4.437653,1.436704,0.011706,0.004257,9.295,-42.429001,-29.235001,0.547304,0.156019,0.25058,Updown,4
1.57684E+12,0.599748,10.548853,3.968389,1.622943,0.031927,-0.030863,9.145,-43.178001,-28.936001,0.554147,0.158698,0.249997,Updown,4
1.57684E+12,0.5782,10.139444,3.65834,1.814504,0.036184,-0.092588,9.445,-44.978001,-27.736,0.563389,0.162197,0.248805,Updown,4
1.57684E+12,0.588974,9.828197,3.252523,1.939018,0.042569,-0.077688,9.745,-45.727001,-26.987,0.573932,0.166565,0.246879,Updown,4
1.57684E+12,0.581791,9.867702,2.910152,2.019899,0.04789,-0.052147,9.445,-46.926998,-25.636999,0.584413,0.170707,0.245191,Updown,4
1.57684E+12,0.52433,9.939528,2.297236,2.095459,0.05534,-0.065982,9.745,-47.675999,-25.937,0.596683,0.175224,0.243327,Updown,4
1.57684E+12,0.503979,10.299855,2.086547,2.12845,0.05534,-0.061725,9.145,-48.726002,-24.438,0.609661,0.180164,0.240786,Updown,4
1.57684E+12,0.544681,9.879673,2.044648,2.209332,0.060661,-0.098973,9.295,-49.775002,-23.087999,0.622203,0.183638,0.238617,Updown,4
1.57684E+12,0.427365,10.000581,1.164779,2.222102,0.08301,-0.119193,9.595,-50.825001,-21.438999,0.633817,0.186738,0.23676,Updown,4
1.57684E+12,0.568623,9.667787,0.939724,2.229552,0.090459,-0.108551,10.045,-51.874001,-19.940001,0.646952,0.191573,0.233633,Updown,4
1.57684E+12,0.520739,9.662998,0.169988,2.209332,0.106423,-0.072367,10.345,-52.473999,-17.990999,0.659474,0.195893,0.23115,Updown,4
1.57684E+12,0.519542,9.725247,-0.041899,2.144414,0.112808,-0.044697,9.745,-53.223,-17.240999,0.673776,0.201145,0.227928,Updown,4
1.57684E+12,0.537498,9.176975,-0.645237,2.08801,0.116001,-0.064918,9.895,-53.823002,-15.742,0.6866,0.204819,0.2257,Updown,4
1.57684E+12,0.513556,8.963891,-1.078588,1.931569,0.119193,-0.089395,9.745,-53.973,-14.843,0.699604,0.208215,0.223371,Updown,4
1.57684E+12,0.568623,8.987833,-1.590947,1.766614,0.108551,-0.030863,10.345,-54.873001,-12.894,0.712037,0.211325,0.220961,Updown,4
1.57684E+12,0.594959,9.100361,-1.997961,1.628265,0.089395,-0.011706,10.195,-55.922001,-11.694,0.724782,0.214374,0.218279,Updown,4
1.57684E+12,0.590171,9.442731,-2.421735,1.494172,0.070239,-0.043633,10.195,-56.071999,-12.444,0.737135,0.216965,0.215629,Updown,4
1.57684E+12,0.720655,9.135077,-2.65517,1.362208,0.052147,-0.090459,10.345,-56.372002,-10.645,0.747594,0.217939,0.213609,Updown,4
1.57684E+12,0.684742,8.874108,-3.099294,1.294098,0.044697,-0.091523,10.195,-56.672001,-9.145,0.757505,0.218297,0.211751,Updown,4
1.57684E+12,0.65242,8.905233,-3.306392,1.168519,0.025541,-0.056404,10.495,-57.421001,-8.846,0.766883,0.219293,0.209074,Updown,4
1.57684E+12,0.677559,8.844181,-3.402161,1.046133,-0.002128,-0.024477,10.645,-57.120998,-8.396,0.776351,0.219819,0.206291,Updown,4
1.57684E+12,0.611719,8.933964,-3.63799,0.912041,-0.025541,-0.025541,10.345,-57.120998,-7.046,0.783418,0.219413,0.204126,Updown,4
1.57684E+12,0.632069,8.774749,-3.83192,0.779013,-0.041505,-0.028734,10.645,-57.421001,-6.897,0.790688,0.218968,0.201034,Updown,4
1.57684E+12,0.610521,8.63828,-3.963601,0.645985,-0.062789,-0.014899,10.345,-57.271,-6.297,0.795949,0.218299,0.198679,Updown,4
1.57684E+12,0.544681,8.728062,-4.115633,0.507635,-0.071303,0.002128,10.345,-57.870998,-5.247,0.801741,0.216992,0.195619,Updown,4
1.57684E+12,0.562637,8.809465,-4.112041,0.446975,-0.076624,0.010642,10.645,-56.972,-5.397,0.805787,0.215879,0.192875,Updown,4
1.57684E+12,0.51595,8.900445,-4.133589,0.336295,-0.079817,0.006385,10.795,-57.721001,-4.798,0.809167,0.214556,0.190228,Updown,4
1.57684E+12,0.493206,8.784326,-4.159925,0.218166,-0.077688,-0.008514,10.645,-57.870998,-5.097,0.811435,0.213258,0.187613,Updown,4
1.57684E+12,0.4956,8.767567,-4.268862,0.09578,-0.081945,-0.006385,10.495,-57.870998,-5.097,0.813083,0.211891,0.18514,Updown,4
1.57684E+12,0.451307,8.829816,-4.185064,-0.017028,-0.089395,0.006385,10.495,-58.171001,-5.397,0.814518,0.209998,0.182915,Updown,4
1.57684E+12,0.444124,9.046491,-4.158728,-0.131964,-0.089395,-0.021285,10.345,-57.870998,-5.547,0.814997,0.207649,0.181087,Updown,4
1.57684E+12,0.434548,8.880094,-4.066552,-0.190496,-0.089395,-0.043633,10.345,-58.171001,-5.397,0.814424,0.205215,0.179383,Updown,4
1.57684E+12,0.428562,8.75799,-4.078523,-0.313946,-0.087266,-0.056404,10.795,-57.570999,-4.798,0.8136,0.203167,0.177721,Updown,4
1.57684E+12,0.401029,8.620323,-3.891775,-0.450167,-0.086202,-0.037248,10.495,-57.421001,-5.247,0.812733,0.20186,0.175714,Updown,4
1.57684E+12,0.384269,8.589198,-3.669114,-0.611929,-0.074496,-0.02022,10.345,-57.421001,-5.847,0.810925,0.200318,0.174094,Updown,4
1.57684E+12,0.39624,8.799889,-3.651158,-0.791784,-0.060661,-0.003193,10.645,-57.271,-6.747,0.807875,0.198078,0.173293,Updown,4
1.57684E+12,0.383072,8.779537,-3.33632,-0.964188,-0.063854,0.008514,10.645,-56.821999,-7.496,0.804399,0.195797,0.173146,Updown,4
1.57684E+12,0.344765,8.647857,-3.132813,-1.063161,-0.063854,0.004257,10.795,-56.222,-8.246,0.799302,0.193098,0.173456,Updown,4
1.57684E+12,0.323217,8.482656,-2.77488,-1.296226,-0.051083,0.010642,10.345,-56.821999,-9.595,0.79357,0.190829,0.173606,Updown,4
1.57684E+12,0.280122,8.88967,-2.442086,-1.525035,-0.030863,0.048954,10.045,-56.372002,-10.945,0.786514,0.187932,0.174504,Updown,4
1.57684E+12,0.361524,9.569624,-2.317587,-1.683604,-0.00745,0.059597,10.195,-56.071999,-11.994,0.776915,0.184051,0.176359,Updown,4
1.57684E+12,0.356736,9.26197,-1.802834,-1.809183,0.002128,0.032991,10.345,-55.172001,-13.493,0.767016,0.180398,0.178652,Updown,4
1.57684E+12,0.379481,9.652224,-1.617283,-1.914541,-0.004257,-0.02767,10.195,-54.423,-14.693,0.755004,0.177021,0.181318,Updown,4
1.57684E+12,0.488417,10.022128,-1.668759,-1.943275,-0.009578,-0.036184,10.045,-53.673,-15.142,0.742907,0.174361,0.183393,Updown,4
1.57684E+12,0.490811,10.060435,-1.082179,-1.908156,-0.023413,0.00745,10.045,-53.373001,-16.341999,0.732095,0.171847,0.185541,Updown,4
1.57684E+12,0.446519,9.939528,-0.796072,-1.852816,-0.054275,0.040441,10.345,-52.473999,-17.841,0.721111,0.169164,0.187898,Updown,4
1.57684E+12,0.399832,9.500193,-0.325611,-1.871972,-0.070239,0.025541,10.195,-52.023998,-19.190001,0.710212,0.166491,0.190129,Updown,4
1.57684E+12,0.344765,9.718064,0.28491,-1.927312,-0.071303,0.072367,9.895,-50.974998,-20.24,0.698665,0.16418,0.191844,Updown,4
1.57684E+12,0.409408,10.528502,0.436942,-1.942211,-0.079817,0.069175,9.595,-50.525002,-21.589001,0.684764,0.161318,0.194038,Updown,4
1.57684E+12,0.451307,10.327389,0.767342,-1.930504,-0.087266,0.028734,9.895,-49.924999,-22.339001,0.671789,0.158133,0.196358,Updown,4
1.57684E+12,0.402226,9.628282,1.136049,-1.933697,-0.079817,-0.032991,10.045,-49.174999,-23.688,0.658894,0.15529,0.198577,Updown,4
1.57684E+12,0.430956,9.130288,1.571793,-1.974138,-0.069175,0.003193,9.145,-48.125999,-25.187,0.646019,0.153334,0.200211,Updown,4
1.57684E+12,0.424971,9.747993,1.696292,-1.981587,-0.067046,0.078753,9.445,-46.777,-26.537001,0.631657,0.150066,0.202765,Updown,4
1.57684E+12,0.477643,10.508151,2.166753,-1.865587,-0.088331,0.102166,9.145,-45.426998,-27.285999,0.617917,0.146453,0.205638,Updown,4
1.57684E+12,0.476446,10.584765,2.755726,-1.693182,-0.110679,0.041505,8.996,-45.277,-27.136,0.606519,0.143394,0.208005,Updown,4
1.57684E+12,0.492008,10.341754,2.983175,-1.613365,-0.111744,0.009578,9.595,-44.077999,-28.486,0.594447,0.140846,0.209875,Updown,4
1.57684E+12,0.488417,9.76116,3.247735,-1.480337,-0.117065,-0.003193,9.445,-43.627998,-29.084999,0.583671,0.139198,0.211217,Updown,4
1.57684E+12,0.501585,9.883265,3.332729,-1.359016,-0.131964,0.043633,8.996,-42.729,-29.985001,0.572636,0.137545,0.21261,Updown,4
1.57684E+12,0.398635,10.217256,3.592499,-1.192996,-0.139414,0.052147,9.145,-42.429001,-30.584999,0.56356,0.135421,0.214134,Updown,4
1.57684E+12,0.448913,9.896433,4.052186,-1.023785,-0.1309,0.019156,8.546,-41.379002,-31.034,0.556636,0.13428,0.214925,Updown,4
1.57684E+12,0.45011,9.551667,4.370615,-0.916298,-0.100037,-0.001064,8.846,-41.078999,-31.784,0.548882,0.132625,0.215935,Updown,4
1.57684E+12,0.453701,9.544485,4.351461,-0.864151,-0.088331,-0.003193,8.696,-40.779999,-32.234001,0.539714,0.130825,0.217193,Updown,4
1.57684E+12,0.512359,9.793482,4.289212,-0.749215,-0.074496,0.015963,8.846,-40.18,-32.683998,0.532155,0.129604,0.218312,Updown,4
1.57684E+12,0.499191,9.716867,4.554969,-0.583195,-0.073432,0.015963,8.846,-39.43,-31.184,0.527645,0.12893,0.219225,Updown,4
1.57684E+12,0.483629,9.222465,4.59567,-0.455488,-0.073432,0.001064,8.546,-39.279999,-32.534,0.524338,0.129196,0.219873,Updown,4
1.57684E+12,0.48722,8.809465,4.771644,-0.39802,-0.06811,0.019156,8.546,-38.530998,-31.934,0.52075,0.128754,0.22081,Updown,4
1.57684E+12,0.52433,8.930372,4.85185,-0.378864,-0.059597,0.046826,8.996,-38.980999,-32.234001,0.515582,0.12775,0.22216,Updown,4
1.57684E+12,0.514753,9.277532,4.831499,-0.362901,-0.053211,0.05534,8.996,-38.831001,-32.534,0.511131,0.127506,0.223531,Updown,4
1.57684E+12,0.557849,9.320627,4.837484,-0.292662,-0.044697,0.037248,8.846,-38.381001,-32.383999,0.50892,0.128009,0.224564,Updown,4
1.57684E+12,0.548272,9.097966,4.824317,-0.210717,-0.035119,0.019156,8.696,-38.381001,-32.534,0.507619,0.128471,0.225617,Updown,4
1.57684E+12,0.56144,8.950723,4.849455,-0.144735,-0.026606,0.024477,8.096,-38.681,-33.583,0.506613,0.128758,0.226651,Updown,4
1.57684E+12,0.535104,8.88967,4.7896,-0.100037,-0.012771,0.030863,8.396,-38.681,-33.283001,0.505313,0.128207,0.228019,Updown,4
1.57684E+12,0.523133,8.933964,4.729745,-0.074496,0.005321,0.02767,8.996,-38.381001,-33.132999,0.504425,0.127939,0.229224,Updown,4
1.57684E+12,0.545878,8.929175,4.736928,-0.061725,0.010642,0.025541,8.546,-38.230999,-33.283001,0.504516,0.128907,0.230215,Updown,4
1.57684E+12,0.565032,8.966285,4.71538,-0.042569,0.023413,0.02022,8.396,-38.381001,-33.283001,0.504772,0.129636,0.231306,Updown,4
1.57684E+12,0.60693,8.983045,4.697423,-0.011706,0.036184,0.021285,8.696,-38.530998,-33.283001,0.505076,0.130002,0.232639,Updown,4
1.57684E+12,0.622492,8.971073,4.629189,0.019156,0.040441,0.023413,8.846,-38.081001,-32.383999,0.505799,0.13046,0.233866,Updown,4
1.57684E+12,0.653617,8.930372,4.519056,0.040441,0.041505,0.021285,8.696,-37.780998,-32.234001,0.507045,0.131506,0.235076,Updown,4
1.57684E+12,0.635661,8.854955,4.511873,0.051083,0.042569,0.022349,8.996,-38.081001,-32.834,0.50897,0.132572,0.236342,Updown,4
1.57684E+12,0.645237,8.850166,4.426879,0.051083,0.042569,0.02767,8.546,-38.381001,-32.383999,0.510283,0.133327,0.237672,Updown,4
1.57684E+12,0.661997,8.88608,4.370615,0.052147,0.042569,0.028734,8.546,-37.931,-32.234001,0.511954,0.133852,0.239202,Updown,4
1.57684E+12,0.671574,8.893262,4.361038,0.053211,0.034055,0.028734,8.396,-38.530998,-33.283001,0.513469,0.134321,0.240585,Updown,4
1.57684E+12,0.691924,8.884882,4.345476,0.053211,0.023413,0.026606,7.946,-38.681,-33.132999,0.514967,0.134116,0.242226,Updown,4
1.57684E+12,0.696713,8.896853,4.344279,0.051083,0.017028,0.02767,8.246,-38.381001,-33.283001,0.515957,0.13346,0.24369,Updown,4
1.57684E+12,0.700304,8.875305,4.345476,0.048954,0.011706,0.025541,8.546,-38.081001,-33.432999,0.516881,0.132896,0.245121,Updown,4
1.57684E+12,0.707487,8.884882,4.390966,0.045762,0.00745,0.021285,8.096,-38.681,-33.132999,0.517662,0.13263,0.246508,Updown,4
1.57684E+12,0.715866,8.878897,4.382586,0.042569,0.004257,0.022349,8.096,-38.530998,-32.984001,0.518096,0.13246,0.247711,Updown,4
1.57684E+12,0.699107,8.858546,4.399345,0.037248,0.003193,0.018092,8.396,-38.530998,-32.683998,0.51839,0.132356,0.248837,Updown,4
1.57684E+12,0.690727,8.899247,4.39336,0.034055,0.001064,0.012771,8.396,-38.681,-32.234001,0.518579,0.132768,0.249813,Updown,4
1.57684E+12,0.696713,8.86094,4.400543,0.030863,0.001064,0.010642,8.696,-38.381001,-32.683998,0.518827,0.133712,0.250579,Updown,4
1.57684E+12,0.694318,8.870517,4.425682,0.029798,-0.001064,0.00745,9.145,-38.681,-31.934,0.518901,0.134519,0.25135,Updown,4
1.57684E+12,0.659603,8.844181,4.440047,0.019156,0.001064,0.006385,8.846,-38.381001,-31.934,0.518992,0.135899,0.252052,Updown,4
